Date,Adj Close,% change,1monthchange
2011-04-12,1.643332958,,
2011-04-13,1.661999941,1.1359,
2011-04-14,1.675999999,0.8424,
2011-04-15,1.705332994,1.7502,
2011-04-18,1.668666959,-2.1501,
2011-04-19,1.677332997,0.5193,
2011-04-20,1.716667056,2.345,
2011-04-21,1.782667041,3.8447,
2011-04-25,1.759333014,-1.3089,
2011-04-26,1.795333028,2.0462,
2011-04-27,1.805333018,0.557,
2011-04-28,1.843999982,2.1418,
2011-04-29,1.840000033,-0.2169,11.9676
2011-05-02,1.830000043,-0.5435,
2011-05-03,1.79133296,-2.113,
2011-05-04,1.779332995,-0.6699,
2011-05-05,1.762666941,-0.9366,
2011-05-06,1.807999969,2.5718,
2011-05-09,1.86066699,2.913,
2011-05-10,1.888666987,1.5048,
2011-05-11,1.804666996,-4.4476,
2011-05-12,1.844666958,2.2165,
2011-05-13,1.836666942,-0.4337,
2011-05-16,1.773332953,-3.4483,
2011-05-17,1.730666995,-2.406,
2011-05-18,1.756667018,1.5023,
2011-05-19,1.879999995,7.0209,
2011-05-20,1.864667058,-0.8156,
2011-05-23,1.787999988,-4.1116,
2011-05-24,1.78133297,-0.3729,
2011-05-25,1.932000041,8.4581,
2011-05-26,1.965332985,1.7253,
2011-05-27,1.970000029,0.2375,
2011-05-31,2.009332895,1.9966,9.7996
2011-06-01,1.901332974,-5.3749,
2011-06-02,1.917333007,0.8415,
2011-06-03,2.008666992,4.7636,
2011-06-06,1.913333058,-4.7461,
2011-06-07,1.891332984,-1.1498,
2011-06-08,1.807999969,-4.406,
2011-06-09,1.841333032,1.8436,
2011-06-10,1.857332945,0.8689,
2011-06-13,1.895333052,2.046,
2011-06-14,1.906666994,0.598,
2011-06-15,1.821333051,-4.4756,
2011-06-16,1.766667008,-3.0014,
2011-06-17,1.766667008,0.0,
2011-06-20,1.733999968,-1.8491,
2011-06-21,1.83533299,5.8439,
2011-06-22,1.81400001,-1.1623,
2011-06-23,1.847332954,1.8375,
2011-06-24,1.838000059,-0.5052,
2011-06-27,1.830667019,-0.399,
2011-06-28,1.873999953,2.3671,
2011-06-29,1.886000037,0.6403,
2011-06-30,1.942000031,2.9692,2.1389
2011-07-01,1.934666991,-0.3776,
2011-07-05,1.942667007,0.4135,
2011-07-06,1.930667043,-0.6177,
2011-07-07,1.981999993,2.6588,
2011-07-08,1.920667052,-3.0945,
2011-07-11,1.889999986,-1.5967,
2011-07-12,1.878000021,-0.6349,
2011-07-13,1.909332991,1.6684,
2011-07-14,1.840667009,-3.5963,
2011-07-15,1.838667035,-0.1087,
2011-07-18,1.815333009,-1.2691,
2011-07-19,1.859333038,2.4238,
2011-07-20,1.912667036,2.8684,
2011-07-21,1.913333058,0.0348,
2011-07-22,1.952666998,2.0558,
2011-07-25,1.899333,-2.7313,
2011-07-26,1.866667032,-1.7199,
2011-07-27,1.842666984,-1.2857,
2011-07-28,1.878000021,1.9175,
2011-07-29,1.878000021,0.0,-2.929
2011-08-01,1.917999983,2.1299,
2011-08-02,1.822667003,-4.9704,
2011-08-03,1.813333035,-0.5121,
2011-08-04,1.649999976,-9.0073,
2011-08-05,1.616000056,-2.0606,
2011-08-08,1.575999975,-2.4753,
2011-08-09,1.670667052,6.0068,
2011-08-10,1.588000059,-4.9481,
2011-08-11,1.686666965,6.2133,
2011-08-12,1.753999949,3.9921,
2011-08-15,1.748667002,-0.304,
2011-08-16,1.74000001,-0.4956,
2011-08-17,1.722000003,-1.0345,
2011-08-18,1.617333055,-6.0782,
2011-08-19,1.486667037,-8.0791,
2011-08-22,1.463333011,-1.5696,
2011-08-23,1.530666947,4.6014,
2011-08-24,1.591333032,3.9634,
2011-08-25,1.540667057,-3.1839,
2011-08-26,1.582000017,2.6828,
2011-08-29,1.647333026,4.1298,
2011-08-30,1.64199996,-0.3237,
2011-08-31,1.649333,0.4466,-14.0077
2011-09-01,1.600000024,-2.9911,
2011-09-02,1.537999988,-3.875,
2011-09-06,1.529332995,-0.5635,
2011-09-07,1.589333057,3.9233,
2011-09-08,1.574000001,-0.9647,
2011-09-09,1.53133297,-2.7107,
2011-09-12,1.525333047,-0.3918,
2011-09-13,1.605332971,5.2448,
2011-09-14,1.622666955,1.0798,
2011-09-15,1.65466702,1.9721,
2011-09-16,1.720000029,3.9484,
2011-09-19,1.718000054,-0.1163,
2011-09-20,1.733999968,0.9313,
2011-09-21,1.723333001,-0.6152,
2011-09-22,1.70866704,-0.851,
2011-09-23,1.758666992,2.9263,
2011-09-26,1.701333046,-3.2601,
2011-09-27,1.746000051,2.6254,
2011-09-28,1.63933301,-6.1092,
2011-09-29,1.60800004,-1.9113,
2011-09-30,1.626000047,1.1194,1.625
2011-10-03,1.582000017,-2.706,
2011-10-04,1.577332973,-0.295,
2011-10-05,1.691333055,7.2274,
2011-10-06,1.797333002,6.2672,
2011-10-07,1.799332976,0.1113,
2011-10-10,1.858667016,3.2976,
2011-10-11,1.840667009,-0.9684,
2011-10-12,1.853332996,0.6881,
2011-10-13,1.862666965,0.5036,
2011-10-14,1.870000005,0.3937,
2011-10-17,1.827999949,-2.246,
2011-10-18,1.88933301,3.3552,
2011-10-19,1.838000059,-2.717,
2011-10-20,1.822667003,-0.8342,
2011-10-21,1.868667006,2.5238,
2011-10-24,1.903332949,1.8551,
2011-10-25,1.883332968,-1.0508,
2011-10-26,1.865332961,-0.9558,
2011-10-27,1.917333007,2.7877,
2011-10-28,1.991333008,3.8595,
2011-10-31,1.957999945,-1.6739,23.7674
2011-11-01,1.925333023,-1.6684,
2011-11-02,1.914000034,-0.5886,
2011-11-03,2.164000034,13.0617,
2011-11-04,2.154000044,-0.4621,
2011-11-07,2.084666967,-3.2188,
2011-11-08,2.122667074,1.8228,
2011-11-09,2.058666945,-3.0151,
2011-11-10,2.088666916,1.4573,
2011-11-11,2.24266696,7.3731,
2011-11-14,2.214667082,-1.2485,
2011-11-15,2.262000084,2.1373,
2011-11-16,2.329333067,2.9767,
2011-11-17,2.245332956,-3.6062,
2011-11-18,2.17333293,-3.2067,
2011-11-21,2.117332935,-2.5767,
2011-11-22,2.138000011,0.9761,
2011-11-23,2.096667051,-1.9333,
2011-11-25,2.11066699,0.6677,
2011-11-28,2.170666933,2.8427,
2011-11-29,2.116667032,-2.4877,
2011-11-30,2.182667017,3.1181,13.3657
2011-12-01,2.17333293,-0.4276,
2011-12-02,2.220000029,2.1473,
2011-12-05,2.294667006,3.3634,
2011-12-06,2.324666977,1.3074,
2011-12-07,2.279333115,-1.9501,
2011-12-08,2.059333086,-9.6519,
2011-12-09,2.069333076,0.4856,
2011-12-12,2.027333021,-2.0296,
2011-12-13,1.963333011,-3.1569,
2011-12-14,1.90199995,-3.1239,
2011-12-15,1.907999992,0.3155,
2011-12-16,1.866667032,-2.1663,
2011-12-19,1.850000024,-0.8929,
2011-12-20,1.860000014,0.5405,
2011-12-21,1.838000059,-1.1828,
2011-12-22,1.851333022,0.7254,
2011-12-23,1.860000014,0.4681,
2011-12-27,1.90466702,2.4015,
2011-12-28,1.900666952,-0.21,
2011-12-29,1.915333033,0.7716,
2011-12-30,1.904000044,-0.5917,-12.3926
2012-01-03,1.871999979,-1.6807,
2012-01-04,1.847332954,-1.3177,
2012-01-05,1.807999969,-2.1292,
2012-01-06,1.79400003,-0.7743,
2012-01-09,1.816666961,1.2635,
2012-01-10,1.841333032,1.3578,
2012-01-11,1.881999969,2.2086,
2012-01-12,1.883332968,0.0708,
2012-01-13,1.519333005,-19.3274,
2012-01-17,1.773332953,16.7179,
2012-01-18,1.787333012,0.7895,
2012-01-19,1.784000039,-0.1865,
2012-01-20,1.773332953,-0.5979,
2012-01-23,1.784667015,0.6391,
2012-01-24,1.827999949,2.4281,
2012-01-25,1.864667058,2.0059,
2012-01-26,1.929332972,3.468,
2012-01-27,1.955332994,1.3476,
2012-01-30,1.971333027,0.8183,
2012-01-31,1.937999964,-1.6909,3.5256
2012-02-01,1.972000003,1.7544,
2012-02-02,2.016666889,2.2651,
2012-02-03,2.07666707,2.9752,
2012-02-06,2.119999886,2.0867,
2012-02-07,2.106667042,-0.6289,
2012-02-08,2.128667116,1.0443,
2012-02-09,2.171999931,2.0357,
2012-02-10,2.073333025,-4.5427,
2012-02-13,2.099333048,1.254,
2012-02-14,2.211333036,5.335,
2012-02-15,2.24000001,1.2964,
2012-02-16,2.278666973,1.7262,
2012-02-17,2.331332922,2.3113,
2012-02-21,2.299999952,-1.344,
2012-02-22,2.28133297,-0.8116,
2012-02-23,2.302000046,0.9059,
2012-02-24,2.25,-2.2589,
2012-02-27,2.241333008,-0.3852,
2012-02-28,2.253999949,0.5652,
2012-02-29,2.227333069,-1.1831,12.9479
2012-03-01,2.29399991,2.9931,
2012-03-02,2.269332886,-1.0753,
2012-03-05,2.251332998,-0.7932,
2012-03-06,2.207333088,-1.9544,
2012-03-07,2.207999945,0.0302,
2012-03-08,2.204667091,-0.1509,
2012-03-09,2.315999985,5.0499,
2012-03-12,2.400666952,3.6557,
2012-03-13,2.405999899,0.2221,
2012-03-14,2.352667093,-2.2167,
2012-03-15,2.333333015,-0.8218,
2012-03-16,2.354666948,0.9143,
2012-03-19,2.332000017,-0.9626,
2012-03-20,2.330667019,-0.0572,
2012-03-21,2.343333006,0.5434,
2012-03-22,2.293333054,-2.1337,
2012-03-23,2.272000074,-0.9302,
2012-03-26,2.493333101,9.7418,
2012-03-27,2.529333115,1.4439,
2012-03-28,2.523333073,-0.2372,
2012-03-29,2.488667011,-1.3738,
2012-03-30,2.482666969,-0.2411,8.2244
2012-04-02,2.438667059,-1.7723,
2012-04-03,2.53399992,3.9092,
2012-04-04,2.333333015,-7.919,
2012-04-05,2.298666954,-1.4857,
2012-04-09,2.210000038,-3.8573,
2012-04-10,2.164000034,-2.0814,
2012-04-11,2.20600009,1.9409,
2012-04-12,2.229332924,1.0577,
2012-04-13,2.239332914,0.4486,
2012-04-16,2.150000095,-3.9893,
2012-04-17,2.149333,-0.031,
2012-04-18,2.177333117,1.3027,
2012-04-19,2.210666895,1.5309,
2012-04-20,2.210666895,0.0,
2012-04-23,2.129333019,-3.6792,
2012-04-24,2.121332884,-0.3757,
2012-04-25,2.194000006,3.4255,
2012-04-26,2.232666969,1.7624,
2012-04-27,2.222666979,-0.4479,
2012-04-30,2.20866704,-0.6299,-9.4314
2012-05-01,2.252000093,1.962,
2012-05-02,2.262666941,0.4737,
2012-05-03,2.164000034,-4.3606,
2012-05-04,2.121999979,-1.9409,
2012-05-07,2.164666891,2.0107,
2012-05-08,2.012666941,-7.0219,
2012-05-09,2.003999949,-0.4306,
2012-05-10,2.197333097,9.6474,
2012-05-11,2.150000095,-2.1541,
2012-05-14,2.003999949,-6.7907,
2012-05-15,1.962000012,-2.0958,
2012-05-16,1.945333004,-0.8495,
2012-05-17,1.90466702,-2.0904,
2012-05-18,1.837332964,-3.5352,
2012-05-21,1.917999983,4.3904,
2012-05-22,2.053333044,7.0559,
2012-05-23,2.068000078,0.7143,
2012-05-24,2.018666983,-2.3855,
2012-05-25,1.987333059,-1.5522,
2012-05-29,2.112667084,6.3066,
2012-05-30,2.027333021,-4.0392,
2012-05-31,1.966667056,-2.9924,-12.6702
2012-06-01,1.876667023,-4.5763,
2012-06-04,1.858667016,-0.9591,
2012-06-05,1.86066699,0.1076,
2012-06-06,1.947999954,4.6936,
2012-06-07,1.928666949,-0.9925,
2012-06-08,2.005332947,3.9751,
2012-06-11,1.941333055,-3.1915,
2012-06-12,1.97733295,1.8544,
2012-06-13,1.984666944,0.3709,
2012-06-14,1.959332943,-1.2765,
2012-06-15,1.993999958,1.7693,
2012-06-18,2.122667074,6.4527,
2012-06-19,2.13933301,0.7851,
2012-06-20,2.252000093,5.2665,
2012-06-21,2.145999908,-4.7069,
2012-06-22,2.25266695,4.9705,
2012-06-25,2.207333088,-2.0125,
2012-06-26,2.107332945,-4.5304,
2012-06-27,2.130666971,1.1073,
2012-06-28,2.094000101,-1.7209,
2012-06-29,2.085999966,-0.3821,11.1545
2012-07-02,2.026667118,-2.8443,
2012-07-03,2.04399991,0.8552,
2012-07-05,2.082000017,1.8591,
2012-07-06,2.065999985,-0.7685,
2012-07-09,2.099333048,1.6134,
2012-07-10,2.084666967,-0.6986,
2012-07-11,2.100667,0.7675,
2012-07-12,2.180000067,3.7766,
2012-07-13,2.283333063,4.74,
2012-07-16,2.397332907,4.9927,
2012-07-17,2.223332882,-7.2581,
2012-07-18,2.143332958,-3.5982,
2012-07-19,2.151333094,0.3733,
2012-07-20,2.119333029,-1.4875,
2012-07-23,2.04399991,-3.5546,
2012-07-24,1.989333034,-2.6745,
2012-07-25,1.929999948,-2.9826,
2012-07-26,1.875332952,-2.8325,
2012-07-27,1.967332959,4.9058,
2012-07-30,1.823333025,-7.3196,
2012-07-31,1.827999949,0.256,-9.8027
2012-08-01,1.75,-4.267,
2012-08-02,1.74000001,-0.5714,
2012-08-03,1.817999959,4.4828,
2012-08-06,1.884667039,3.6671,
2012-08-07,2.016666889,7.0039,
2012-08-08,1.939332962,-3.8347,
2012-08-09,1.960667014,1.1001,
2012-08-10,1.996000051,1.8021,
2012-08-13,2.078000069,4.1082,
2012-08-14,1.961333036,-5.6144,
2012-08-15,1.960000038,-0.068,
2012-08-16,2.019999981,3.0612,
2012-08-17,2.000667095,-0.9571,
2012-08-20,1.967332959,-1.6662,
2012-08-21,1.940667033,-1.3554,
2012-08-22,1.996667027,2.8856,
2012-08-23,2.048666954,2.6043,
2012-08-24,1.966667056,-4.0026,
2012-08-27,1.888000011,-4.0,
2012-08-28,1.912667036,1.3065,
2012-08-29,1.894000053,-0.976,
2012-08-30,1.894000053,0.0,
2012-08-31,1.901332974,0.3872,8.6476
2012-09-04,1.876000047,-1.3324,
2012-09-05,1.862666965,-0.7107,
2012-09-06,1.903332949,2.1832,
2012-09-07,1.956666946,2.8021,
2012-09-10,1.824666977,-6.7462,
2012-09-11,1.853332996,1.571,
2012-09-12,1.885332942,1.7266,
2012-09-13,1.965332985,4.2433,
2012-09-14,2.026000023,3.0869,
2012-09-17,2.169332981,7.0747,
2012-09-18,2.089333057,-3.6878,
2012-09-19,2.069999933,-0.9253,
2012-09-20,2.059999943,-0.4831,
2012-09-21,2.001332998,-2.8479,
2012-09-24,2.04399991,2.1319,
2012-09-25,1.843999982,-9.7847,
2012-09-26,1.835999966,-0.4338,
2012-09-27,1.899333,3.4495,
2012-09-28,1.952000022,2.7729,4.0512
2012-10-01,1.944000006,-0.4098,
2012-10-02,1.986667037,2.1948,
2012-10-03,1.95333302,-1.6779,
2012-10-04,1.960000038,0.3413,
2012-10-05,1.925999999,-1.7347,
2012-10-08,1.950000048,1.2461,
2012-10-09,1.891332984,-3.0086,
2012-10-10,1.893332958,0.1057,
2012-10-11,1.888000011,-0.2817,
2012-10-12,1.842666984,-2.4011,
2012-10-15,1.822000027,-1.1216,
2012-10-16,1.870666981,2.6711,
2012-10-17,1.921332955,2.7084,
2012-10-18,1.869333029,-2.7065,
2012-10-19,1.849333048,-1.0699,
2012-10-22,1.856667042,0.3966,
2012-10-23,1.892667055,1.939,
2012-10-24,1.827999949,-3.4167,
2012-10-25,1.834666967,0.3647,
2012-10-26,1.825332999,-0.5088,
2012-10-31,1.875332952,2.7392,-3.5323
2012-11-01,1.950000048,3.9815,
2012-11-02,1.927999973,-1.1282,
2012-11-05,2.099999905,8.9212,
2012-11-06,2.07666707,-1.1111,
2012-11-07,2.102667093,1.252,
2012-11-08,2.087332964,-0.7293,
2012-11-09,2.021332979,-3.1619,
2012-11-12,2.071332932,2.4736,
2012-11-13,2.107332945,1.738,
2012-11-14,2.092000008,-0.7276,
2012-11-15,2.054666996,-1.7846,
2012-11-16,2.122667074,3.3095,
2012-11-19,2.194667101,3.392,
2012-11-20,2.200000048,0.243,
2012-11-21,2.164666891,-1.6061,
2012-11-23,2.14199996,-1.0471,
2012-11-26,2.151333094,0.4357,
2012-11-27,2.143332958,-0.3719,
2012-11-28,2.215332985,3.3593,
2012-11-29,2.246000051,1.3843,
2012-11-30,2.254667044,0.3859,15.6239
2012-12-03,2.308000088,2.3655,
2012-12-04,2.25999999,-2.0797,
2012-12-05,2.24733305,-0.5605,
2012-12-06,2.25999999,0.5636,
2012-12-07,2.278000116,0.7965,
2012-12-10,2.304666996,1.1706,
2012-12-11,2.351999998,2.0538,
2012-12-12,2.350667,-0.0567,
2012-12-13,2.240667105,-4.6795,
2012-12-14,2.253999949,0.595,
2012-12-17,2.293333054,1.745,
2012-12-18,2.305999994,0.5523,
2012-12-19,2.307332993,0.0578,
2012-12-20,2.295332909,-0.5201,
2012-12-21,2.266666889,-1.2489,
2012-12-24,2.285332918,0.8235,
2012-12-26,2.239332914,-2.0128,
2012-12-27,2.246000051,0.2977,
2012-12-28,2.214667082,-1.3951,
2012-12-31,2.257999897,1.9566,-2.1664
2013-01-02,2.357332945,4.3992,
2013-01-03,2.318000078,-1.6685,
2013-01-04,2.293333054,-1.0642,
2013-01-07,2.289333105,-0.1744,
2013-01-08,2.245332956,-1.922,
2013-01-09,2.24266696,-0.1187,
2013-01-10,2.235332966,-0.327,
2013-01-11,2.194000006,-1.8491,
2013-01-14,2.217333078,1.0635,
2013-01-15,2.25999999,1.9242,
2013-01-16,2.273333073,0.59,
2013-01-17,2.292000055,0.8211,
2013-01-18,2.301332951,0.4072,
2013-01-22,2.345999956,1.9409,
2013-01-23,2.400000095,2.3018,
2013-01-24,2.46600008,2.75,
2013-01-25,2.465332985,-0.0271,
2013-01-28,2.535332918,2.8394,
2013-01-29,2.529999971,-0.2103,
2013-01-30,2.501332998,-1.1331,
2013-01-31,2.500667095,-0.0266,6.0804
2013-02-01,2.553333044,2.1061,
2013-02-04,2.516000032,-1.4621,
2013-02-05,2.542000055,1.0334,
2013-02-06,2.611332893,2.7275,
2013-02-07,2.631999969,0.7914,
2013-02-08,2.615999937,-0.6079,
2013-02-11,2.561332941,-2.0897,
2013-02-12,2.526000023,-1.3795,
2013-02-13,2.563333035,1.4779,
2013-02-14,2.551332951,-0.4681,
2013-02-15,2.469332933,-3.214,
2013-02-19,2.618666887,6.0475,
2013-02-20,2.569333076,-1.8839,
2013-02-21,2.344000101,-8.7701,
2013-02-22,2.407332897,2.7019,
2013-02-25,2.292000055,-4.7909,
2013-02-26,2.295332909,0.1454,
2013-02-27,2.339999914,1.946,
2013-02-28,2.322000027,-0.7692,-9.06
2013-03-01,2.309999943,-0.5168,
2013-03-04,2.371999979,2.684,
2013-03-05,2.443332911,3.0073,
2013-03-06,2.512666941,2.8377,
2013-03-07,2.548666954,1.4327,
2013-03-08,2.564666986,0.6278,
2013-03-11,2.606667042,1.6376,
2013-03-12,2.60800004,0.0511,
2013-03-13,2.598666906,-0.3579,
2013-03-14,2.456666946,-5.4643,
2013-03-15,2.352667093,-4.2334,
2013-03-18,2.343333006,-0.3967,
2013-03-19,2.338666916,-0.1991,
2013-03-20,2.396667004,2.48,
2013-03-21,2.400666952,0.1669,
2013-03-22,2.441333055,1.694,
2013-03-25,2.502000093,2.485,
2013-03-26,2.523999929,0.8793,
2013-03-27,2.54399991,0.7924,
2013-03-28,2.526000023,-0.7075,9.3507
2013-04-01,2.928667068,15.9409,
2013-04-02,2.95600009,0.9333,
2013-04-03,2.74000001,-7.3072,
2013-04-04,2.800667048,2.2141,
2013-04-05,2.757999897,-1.5235,
2013-04-08,2.788666964,1.1119,
2013-04-09,2.700000048,-3.1795,
2013-04-10,2.790667057,3.358,
2013-04-11,2.905999899,4.1328,
2013-04-12,2.916666985,0.3671,
2013-04-15,2.886667013,-1.0286,
2013-04-16,3.039333105,5.2887,
2013-04-17,3.029999971,-0.3071,
2013-04-18,3.131333113,3.3443,
2013-04-19,3.188667059,1.831,
2013-04-22,3.345999956,4.9341,
2013-04-23,3.400666952,1.6338,
2013-04-24,3.361999989,-1.137,
2013-04-25,3.466666937,3.1132,
2013-04-26,3.413332939,-1.5385,
2013-04-29,3.662667036,7.3047,
2013-04-30,3.599333048,-1.7292,22.9
2013-05-01,3.552000046,-1.315,
2013-05-02,3.607332945,1.5578,
2013-05-03,3.636667013,0.8132,
2013-05-06,3.966666937,9.0742,
2013-05-07,3.700666904,-6.7059,
2013-05-08,3.719332933,0.5044,
2013-05-09,4.626667023,24.3951,
2013-05-10,5.117332935,10.6052,
2013-05-13,5.853332996,14.3825,
2013-05-14,5.549333096,-5.1936,
2013-05-15,5.656000137,1.9222,
2013-05-16,6.150000095,8.7341,
2013-05-17,6.099999905,-0.813,
2013-05-20,5.995999813,-1.7049,
2013-05-21,5.839333057,-2.6129,
2013-05-22,5.815999985,-0.3996,
2013-05-23,6.18200016,6.293,
2013-05-24,6.472000122,4.691,
2013-05-28,7.355332851,13.6485,
2013-05-29,6.975333214,-5.1663,
2013-05-30,6.996666908,0.3058,
2013-05-31,6.517333031,-6.8509,83.4835
2013-06-03,6.172667027,-5.2885,
2013-06-04,6.322667122,2.4301,
2013-06-05,6.357999802,0.5588,
2013-06-06,6.489999771,2.0761,
2013-06-07,6.802667141,4.8177,
2013-06-10,6.670000076,-1.9502,
2013-06-11,6.297999859,-5.5772,
2013-06-12,6.515333176,3.4508,
2013-06-13,6.545332909,0.4604,
2013-06-14,6.686666965,2.1593,
2013-06-17,6.813333035,1.8943,
2013-06-18,6.892666817,1.1644,
2013-06-19,6.978666782,1.2477,
2013-06-20,6.710000038,-3.8498,
2013-06-21,6.636666775,-1.0929,
2013-06-24,6.765999794,1.9488,
2013-06-25,6.826666832,0.8966,
2013-06-26,7.047999859,3.2422,
2013-06-27,7.283332825,3.339,
2013-06-28,7.157332897,-1.73,15.952
2013-07-01,7.811999798,9.1468,
2013-07-02,7.854667187,0.5462,
2013-07-03,7.682666779,-2.1898,
2013-07-05,8.005999565,4.2086,
2013-07-08,8.107333183,1.2657,
2013-07-09,8.229999542,1.513,
2013-07-10,8.151332855,-0.9559,
2013-07-11,8.373999596,2.7317,
2013-07-12,8.659999847,3.4153,
2013-07-15,8.484000206,-2.0323,
2013-07-16,7.269999981,-14.3093,
2013-07-17,8.016667366,10.2705,
2013-07-18,7.935332775,-1.0146,
2013-07-19,7.978666782,0.5461,
2013-07-22,8.161999702,2.2978,
2013-07-23,8.182666779,0.2532,
2013-07-24,8.113332748,-0.8473,
2013-07-25,8.271332741,1.9474,
2013-07-26,8.626000404,4.2879,
2013-07-29,8.974666595,4.042,
2013-07-30,8.78266716,-2.1393,
2013-07-31,8.951999664,1.928,14.5929
2013-08-01,9.03666687,0.9458,
2013-08-02,9.199999809,1.8074,
2013-08-05,9.64533329,4.8406,
2013-08-06,9.476667404,-1.7487,
2013-08-07,8.948666573,-5.5716,
2013-08-08,10.23200035,14.3411,
2013-08-09,10.19999981,-0.3127,
2013-08-12,9.825332642,-3.6732,
2013-08-13,9.695332527,-1.3231,
2013-08-14,9.29066658,-4.1738,
2013-08-15,9.311332703,0.2224,
2013-08-16,9.466667175,1.6682,
2013-08-19,9.659999847,2.0422,
2013-08-20,9.972000122,3.2298,
2013-08-21,9.857333183,-1.1499,
2013-08-22,10.47333336,6.2492,
2013-08-23,10.78933334,3.0172,
2013-08-26,10.94799995,1.4706,
2013-08-27,11.13399982,1.6989,
2013-08-28,11.09666729,-0.3353,
2013-08-29,11.07066727,-0.2343,
2013-08-30,11.26666737,1.7704,24.6772
2013-09-03,11.2626667,-0.0355,
2013-09-04,11.37466717,0.9944,
2013-09-05,11.32866669,-0.4044,
2013-09-06,11.13133335,-1.7419,
2013-09-09,10.71333313,-3.7552,
2013-09-10,11.09133339,3.5283,
2013-09-11,10.90133286,-1.7131,
2013-09-12,10.99533272,0.8623,
2013-09-13,11.03600025,0.3699,
2013-09-16,11.10533333,0.6282,
2013-09-17,11.08199978,-0.2101,
2013-09-18,11.08133316,-0.006,
2013-09-19,11.86133289,7.0389,
2013-09-20,12.22599983,3.0744,
2013-09-23,12.07400036,-1.2432,
2013-09-24,12.15533257,0.6736,
2013-09-25,12.34933281,1.596,
2013-09-26,12.57600021,1.8355,
2013-09-27,12.7266674,1.1981,
2013-09-30,12.89133263,1.2939,14.4607
2013-10-01,12.86666679,-0.1913,
2013-10-02,12.06333256,-6.2435,
2013-10-03,11.5539999,-4.2222,
2013-10-04,12.06533337,4.4256,
2013-10-07,12.20466709,1.1548,
2013-10-08,11.64866734,-4.5556,
2013-10-09,11.25199986,-3.4053,
2013-10-10,11.52866745,2.4588,
2013-10-11,11.91333294,3.3366,
2013-10-14,11.98133278,0.5708,
2013-10-15,12.2626667,2.3481,
2013-10-16,12.2373333,-0.2066,
2013-10-17,12.18666744,-0.414,
2013-10-18,12.2266674,0.3282,
2013-10-21,11.50666714,-5.8888,
2013-10-22,11.43599987,-0.6141,
2013-10-23,10.96666718,-4.104,
2013-10-24,11.54333305,5.2584,
2013-10-25,11.31066704,-2.0156,
2013-10-28,10.85733318,-4.008,
2013-10-29,10.96466732,0.9886,
2013-10-30,10.61466694,-3.1921,
2013-10-31,10.66266727,0.4522,-17.1295
2013-11-01,10.8113327,1.3943,
2013-11-04,11.68000031,8.0348,
2013-11-05,11.78733253,0.9189,
2013-11-06,10.07733345,-14.5071,
2013-11-07,9.31799984,-7.5351,
2013-11-08,9.196666718,-1.3021,
2013-11-11,9.646666527,4.8931,
2013-11-12,9.186667442,-4.7685,
2013-11-13,9.246666908,0.6531,
2013-11-14,9.173333168,-0.7931,
2013-11-15,9.029999733,-1.5625,
2013-11-18,8.105333328,-10.2399,
2013-11-19,8.406000137,3.7095,
2013-11-20,8.074000359,-3.9496,
2013-11-21,8.140000343,0.8174,
2013-11-22,8.092000008,-0.5897,
2013-11-25,8.055999756,-0.4449,
2013-11-26,8.033332825,-0.2814,
2013-11-27,8.462667465,5.3444,
2013-11-29,8.485333443,0.2678,-21.5145
2013-12-02,8.277999878,-2.4434,
2013-12-03,9.646666527,16.5338,
2013-12-04,9.263333321,-3.9737,
2013-12-05,9.365332603,1.1011,
2013-12-06,9.157333374,-2.2209,
2013-12-09,9.43999958,3.0868,
2013-12-10,9.479332924,0.4167,
2013-12-11,9.31000042,-1.7863,
2013-12-12,9.83133316,5.5997,
2013-12-13,9.843333244,0.1221,
2013-12-16,9.862667084,0.1964,
2013-12-17,10.16399956,3.0553,
2013-12-18,9.865332603,-2.9385,
2013-12-19,9.381333351,-4.9061,
2013-12-20,9.549332619,1.7908,
2013-12-23,9.569999695,0.2164,
2013-12-24,10.09399986,5.4754,
2013-12-26,10.36666679,2.7013,
2013-12-27,10.07466698,-2.8167,
2013-12-30,10.16266727,0.8735,
2013-12-31,10.02866745,-1.3185,21.1484
2014-01-02,10.00666714,-0.2194,
2014-01-03,9.970666885,-0.3598,
2014-01-06,9.800000191,-1.7117,
2014-01-07,9.957332611,1.6054,
2014-01-08,10.08533287,1.2855,
2014-01-09,9.83533287,-2.4788,
2014-01-10,9.71466732,-1.2269,
2014-01-13,9.289333344,-4.3783,
2014-01-14,10.75133324,15.7385,
2014-01-15,10.94200039,1.7734,
2014-01-16,11.39799976,4.1674,
2014-01-17,11.33399963,-0.5615,
2014-01-21,11.77866745,3.9233,
2014-01-22,11.90400028,1.0641,
2014-01-23,12.10000038,1.6465,
2014-01-24,11.64000034,-3.8017,
2014-01-27,11.30799961,-2.8522,
2014-01-28,11.8920002,5.1645,
2014-01-29,11.68200016,-1.7659,
2014-01-30,12.18933296,4.3429,
2014-01-31,12.09399986,-0.7821,20.8594
2014-02-03,11.80733299,-2.3703,
2014-02-04,11.91533279,0.9147,
2014-02-05,11.62800026,-2.4115,
2014-02-06,11.8920002,2.2704,
2014-02-07,12.43533325,4.5689,
2014-02-10,13.10400009,5.3772,
2014-02-11,13.1079998,0.0305,
2014-02-12,13.02133274,-0.6612,
2014-02-13,13.30866718,2.2066,
2014-02-14,13.21533298,-0.7013,
2014-02-18,13.57999992,2.7594,
2014-02-19,12.90933323,-4.9386,
2014-02-20,13.99800014,8.4332,
2014-02-21,13.97333336,-0.1762,
2014-02-24,14.51000023,3.8407,
2014-02-25,16.53333282,13.9444,
2014-02-26,16.86666679,2.0161,
2014-02-27,16.83600044,-0.1818,
2014-02-28,16.32066727,-3.0609,38.2248
2014-03-03,16.70400047,2.3488,
2014-03-04,16.9893322,1.7082,
2014-03-05,16.84399986,-0.8554,
2014-03-06,16.86266708,0.1108,
2014-03-07,16.41399956,-2.6607,
2014-03-10,15.92266655,-2.9934,
2014-03-11,15.62733269,-1.8548,
2014-03-12,16.09933281,3.0203,
2014-03-13,15.85266685,-1.5322,
2014-03-14,15.39799976,-2.8681,
2014-03-17,15.59866714,1.3032,
2014-03-18,16.00266647,2.59,
2014-03-19,15.72266674,-1.7497,
2014-03-20,15.66066742,-0.3943,
2014-03-21,15.25933266,-2.5627,
2014-03-24,14.67800045,-3.8097,
2014-03-25,14.6960001,0.1226,
2014-03-26,14.19733334,-3.3932,
2014-03-27,13.82133293,-2.6484,
2014-03-28,14.15799999,2.4359,
2014-03-31,13.89666653,-1.8458,-16.8064
2014-04-01,14.46466732,4.0873,
2014-04-02,15.35266685,6.1391,
2014-04-03,15.02666664,-2.1234,
2014-04-04,14.14866734,-5.8429,
2014-04-07,13.83466721,-2.2193,
2014-04-08,14.36400032,3.8261,
2014-04-09,14.46199989,0.6823,
2014-04-10,13.61266708,-5.8729,
2014-04-11,13.58533287,-0.2008,
2014-04-14,13.20600033,-2.7922,
2014-04-15,12.92733288,-2.1102,
2014-04-16,13.27400017,2.6817,
2014-04-17,13.20800018,-0.4972,
2014-04-21,13.62533283,3.1597,
2014-04-22,14.57600021,6.9772,
2014-04-23,13.86600018,-4.871,
2014-04-24,13.85733318,-0.0625,
2014-04-25,13.32333279,-3.8536,
2014-04-28,13.23400021,-0.6705,
2014-04-29,13.79466724,4.2366,
2014-04-30,13.85933304,0.4688,-4.1849
2014-05-01,13.84866714,-0.077,
2014-05-02,14.06066704,1.5308,
2014-05-05,14.44066715,2.7026,
2014-05-06,13.81866741,-4.3073,
2014-05-07,13.42333317,-2.8609,
2014-05-08,11.90600014,-11.3037,
2014-05-09,12.15066719,2.055,
2014-05-12,12.3113327,1.3223,
2014-05-13,12.67733288,2.9729,
2014-05-14,12.70800018,0.2419,
2014-05-15,12.57266712,-1.0649,
2014-05-16,12.77066708,1.5748,
2014-05-19,13.07266712,2.3648,
2014-05-20,13.02000046,-0.4029,
2014-05-21,13.2966671,2.1249,
2014-05-22,13.65866661,2.7225,
2014-05-23,13.81999969,1.1812,
2014-05-27,14.10400009,2.055,
2014-05-28,14.01599979,-0.6239,
2014-05-29,14.01599979,0.0,
2014-05-30,13.85133266,-1.1749,0.0192
2014-06-02,13.64666653,-1.4776,
2014-06-03,13.66266727,0.1173,
2014-06-04,13.59933281,-0.4636,
2014-06-05,13.79333305,1.4265,
2014-06-06,13.87800026,0.6138,
2014-06-09,13.68733311,-1.3739,
2014-06-10,13.48666668,-1.4661,
2014-06-11,13.63133335,1.0727,
2014-06-12,13.56799984,-0.4646,
2014-06-13,13.76133347,1.4249,
2014-06-16,14.97399998,8.8121,
2014-06-17,15.44466686,3.1432,
2014-06-18,15.14133263,-1.964,
2014-06-19,15.18599987,0.295,
2014-06-20,15.30599976,0.7902,
2014-06-23,15.81466675,3.3233,
2014-06-24,15.5,-1.9897,
2014-06-25,15.79266739,1.8882,
2014-06-26,15.70666695,-0.5446,
2014-06-27,15.93733311,1.4686,
2014-06-30,16.00399971,0.4183,17.2741
2014-07-01,15.98133278,-0.1416,
2014-07-02,15.29533291,-4.2925,
2014-07-03,15.28333282,-0.0785,
2014-07-07,14.84399986,-2.8746,
2014-07-08,14.60466671,-1.6123,
2014-07-09,14.87066746,1.8213,
2014-07-10,14.63066673,-1.6139,
2014-07-11,14.54199982,-0.606,
2014-07-14,15.11333275,3.9288,
2014-07-15,14.63866711,-3.1407,
2014-07-16,14.47733307,-1.1021,
2014-07-17,14.35999966,-0.8105,
2014-07-18,14.66800022,2.1449,
2014-07-21,14.70266724,0.2363,
2014-07-22,14.63866711,-0.4353,
2014-07-23,14.83266735,1.3253,
2014-07-24,14.90266705,0.4719,
2014-07-25,14.9046669,0.0134,
2014-07-28,14.98799992,0.5591,
2014-07-29,15.00066662,0.0845,
2014-07-30,15.26133347,1.7377,
2014-07-31,14.88666725,-2.455,-6.8497
2014-08-01,15.55133343,4.4648,
2014-08-04,15.90133286,2.2506,
2014-08-05,15.899333,-0.0126,
2014-08-06,16.5953331,4.3775,
2014-08-07,16.82600021,1.39,
2014-08-08,16.54199982,-1.6879,
2014-08-11,17.28800011,4.5097,
2014-08-12,17.3306675,0.2468,
2014-08-13,17.35400009,0.1346,
2014-08-14,17.42533302,0.411,
2014-08-15,17.46733284,0.241,
2014-08-18,17.32933235,-0.79,
2014-08-19,17.11733246,-1.2234,
2014-08-20,17.04733276,-0.4089,
2014-08-21,16.95599937,-0.5358,
2014-08-22,17.1186676,0.9594,
2014-08-25,17.50333214,2.247,
2014-08-26,17.44933319,-0.3085,
2014-08-27,17.54999924,0.5769,
2014-08-28,17.59066772,0.2317,
2014-08-29,17.97999954,2.2133,15.6171
2014-09-02,18.94133377,5.3467,
2014-09-03,18.74600029,-1.0313,
2014-09-04,19.06933212,1.7248,
2014-09-05,18.49266624,-3.024,
2014-09-08,18.80733299,1.7016,
2014-09-09,18.56533241,-1.2867,
2014-09-10,18.73999977,0.9408,
2014-09-11,18.68733215,-0.281,
2014-09-12,18.61333275,-0.396,
2014-09-15,16.92399979,-9.0759,
2014-09-16,17.38266754,2.7102,
2014-09-17,17.42533302,0.2454,
2014-09-18,17.58799934,0.9335,
2014-09-19,17.28800011,-1.7057,
2014-09-22,16.66866684,-3.5824,
2014-09-23,16.69400024,0.152,
2014-09-24,16.8093338,0.6909,
2014-09-25,16.46333313,-2.0584,
2014-09-26,16.44000053,-0.1417,
2014-09-29,16.35066795,-0.5434,
2014-09-30,16.17866707,-1.052,-14.5854
2014-10-01,16.01600075,-1.0054,
2014-10-02,16.76133347,4.6537,
2014-10-03,17.01399994,1.5074,
2014-10-06,17.37466621,2.1198,
2014-10-07,17.30466652,-0.4029,
2014-10-08,17.28533363,-0.1117,
2014-10-09,17.13400078,-0.8755,
2014-10-10,15.79399967,-7.8207,
2014-10-13,14.97266674,-5.2003,
2014-10-14,15.13733292,1.0998,
2014-10-15,15.31333256,1.1627,
2014-10-16,15.09000015,-1.4584,
2014-10-17,15.16533279,0.4992,
2014-10-20,15.36466694,1.3144,
2014-10-21,15.68933296,2.1131,
2014-10-22,15.40666676,-1.8016,
2014-10-23,15.68599987,1.8131,
2014-10-24,15.68266678,-0.0212,
2014-10-27,14.77799988,-5.7686,
2014-10-28,16.18466759,9.5187,
2014-10-29,15.87333298,-1.9236,
2014-10-30,15.91066742,0.2352,
2014-10-31,16.11333275,1.2738,0.6077
2014-11-03,16.17266655,0.3682,
2014-11-04,15.92866707,-1.5087,
2014-11-05,15.39799976,-3.3315,
2014-11-06,16.08133316,4.4378,
2014-11-07,16.01333237,-0.4229,
2014-11-10,16.12866783,0.7202,
2014-11-11,16.73866653,3.7821,
2014-11-12,16.60666656,-0.7886,
2014-11-13,16.78000069,1.0438,
2014-11-14,17.24533272,2.7731,
2014-11-17,16.93199921,-1.8169,
2014-11-18,17.18000031,1.4647,
2014-11-19,16.51600075,-3.865,
2014-11-20,16.5806675,0.3915,
2014-11-21,16.18533325,-2.3843,
2014-11-24,16.44799995,1.6229,
2014-11-25,16.53933334,0.5553,
2014-11-26,16.56266785,0.1411,
2014-11-28,16.30133247,-1.5779,0.7956
2014-12-01,15.44266701,-5.2675,
2014-12-02,15.42866707,-0.0907,
2014-12-03,15.28666687,-0.9204,
2014-12-04,15.21866703,-0.4448,
2014-12-05,14.91399956,-2.0019,
2014-12-08,14.29066658,-4.1795,
2014-12-09,14.45933342,1.1803,
2014-12-10,13.98933315,-3.2505,
2014-12-11,13.92533302,-0.4575,
2014-12-12,13.80000019,-0.9,
2014-12-15,13.60266685,-1.43,
2014-12-16,13.18733311,-3.0533,
2014-12-17,13.72133255,4.0493,
2014-12-18,14.55066681,6.0441,
2014-12-19,14.61933327,0.4719,
2014-12-22,14.84000015,1.5094,
2014-12-23,14.73133278,-0.7323,
2014-12-24,14.81733322,0.5838,
2014-12-26,15.18799973,2.5016,
2014-12-29,15.04733276,-0.9262,
2014-12-30,14.81533337,-1.5418,
2014-12-31,14.82733345,0.081,-3.9846
2015-01-02,14.62066746,-1.3938,
2015-01-05,14.00599957,-4.2041,
2015-01-06,14.08533287,0.5664,
2015-01-07,14.06333256,-0.1562,
2015-01-08,14.0413332,-0.1564,
2015-01-09,13.77733326,-1.8802,
2015-01-12,13.48066711,-2.1533,
2015-01-13,13.61666679,1.0088,
2015-01-14,12.84599972,-5.6597,
2015-01-15,12.7913332,-0.4256,
2015-01-16,12.87133312,0.6254,
2015-01-20,12.79533291,-0.5905,
2015-01-21,13.10466671,2.4176,
2015-01-22,13.44133282,2.5691,
2015-01-23,13.41933346,-0.1637,
2015-01-26,13.77000046,2.6131,
2015-01-27,13.73200035,-0.276,
2015-01-28,13.2913332,-3.2091,
2015-01-29,13.68000031,2.9242,
2015-01-30,13.57333279,-0.7797,-7.1634
2015-02-02,14.06266689,3.6051,
2015-02-03,14.55733299,3.5176,
2015-02-04,14.56999969,0.087,
2015-02-05,14.73266697,1.1165,
2015-02-06,14.49066734,-1.6426,
2015-02-09,14.49866676,0.0552,
2015-02-10,14.41933346,-0.5472,
2015-02-11,14.18666744,-1.6136,
2015-02-12,13.5253334,-4.6617,
2015-02-13,13.58466721,0.4387,
2015-02-17,13.62333298,0.2846,
2015-02-18,13.63066673,0.0538,
2015-02-19,14.11400032,3.5459,
2015-02-20,14.47399998,2.5507,
2015-02-23,13.82266712,-4.5,
2015-02-24,13.60733318,-1.5578,
2015-02-25,13.58399963,-0.1715,
2015-02-26,13.81266689,1.6834,
2015-02-27,13.55599976,-1.8582,-3.6029
2015-03-02,13.15533257,-2.9556,
2015-03-03,13.3039999,1.1301,
2015-03-04,13.49600029,1.4432,
2015-03-05,13.37533283,-0.8941,
2015-03-06,12.92533302,-3.3644,
2015-03-09,12.72533321,-1.5473,
2015-03-10,12.68799973,-0.2934,
2015-03-11,12.91600037,1.797,
2015-03-12,12.73799992,-1.3781,
2015-03-13,12.57866669,-1.2508,
2015-03-16,13.0466671,3.7206,
2015-03-17,12.98200035,-0.4957,
2015-03-18,13.38066673,3.0709,
2015-03-19,13.04333305,-2.5211,
2015-03-20,13.20533276,1.242,
2015-03-23,13.30866718,0.7825,
2015-03-24,13.44799995,1.0469,
2015-03-25,12.9533329,-3.6784,
2015-03-26,12.69400024,-2.0021,
2015-03-27,12.33333302,-2.8412,
2015-03-30,12.70466709,3.0108,
2015-03-31,12.58466721,-0.9445,-4.3379
2015-04-01,12.50599957,-0.6251,
2015-04-02,12.73333263,1.8178,
2015-04-06,13.53999996,6.3351,
2015-04-07,13.55000019,0.0739,
2015-04-08,13.84466743,2.1747,
2015-04-09,14.00599957,1.1653,
2015-04-10,14.06000042,0.3856,
2015-04-13,13.98533344,-0.5311,
2015-04-14,13.83066654,-1.1059,
2015-04-15,13.85533333,0.1783,
2015-04-16,13.77999973,-0.5437,
2015-04-17,13.78600025,0.0435,
2015-04-20,13.68466663,-0.735,
2015-04-21,13.96066666,2.0169,
2015-04-22,14.62933254,4.7896,
2015-04-23,14.57333279,-0.3828,
2015-04-24,14.56200027,-0.0778,
2015-04-27,15.43666744,6.0065,
2015-04-28,15.3653326,-0.4621,
2015-04-29,15.49666691,0.8547,
2015-04-30,15.06999969,-2.7533,20.5022
2015-05-01,15.06866741,-0.0088,
2015-05-04,15.36733341,1.982,
2015-05-05,15.52999973,1.0585,
2015-05-06,15.36200047,-1.0818,
2015-05-07,15.78666687,2.7644,
2015-05-08,15.77400017,-0.0802,
2015-05-11,15.9659996,1.2172,
2015-05-12,16.31599998,2.1922,
2015-05-13,16.21199989,-0.6374,
2015-05-14,16.2733326,0.3783,
2015-05-15,16.58933258,1.9418,
2015-05-18,16.58333206,-0.0362,
2015-05-19,16.47599983,-0.6472,
2015-05-20,16.29000092,-1.1289,
2015-05-21,16.37466621,0.5197,
2015-05-22,16.51533318,0.8591,
2015-05-26,16.49733353,-0.109,
2015-05-27,16.49533272,-0.0121,
2015-05-28,16.76333237,1.6247,
2015-05-29,16.71999931,-0.2585,10.9587
2015-06-01,16.62999916,-0.5383,
2015-06-02,16.55666733,-0.441,
2015-06-03,16.59933281,0.2577,
2015-06-04,16.39466667,-1.233,
2015-06-05,16.60933304,1.3094,
2015-06-08,17.08600044,2.8699,
2015-06-09,17.06666756,-0.1132,
2015-06-10,16.71333313,-2.0703,
2015-06-11,16.7606678,0.2832,
2015-06-12,16.71266747,-0.2864,
2015-06-15,16.69199944,-0.1237,
2015-06-16,16.87466621,1.0943,
2015-06-17,17.36066628,2.8801,
2015-06-18,17.45933342,0.5683,
2015-06-19,17.50066757,0.2367,
2015-06-22,17.31933212,-1.0362,
2015-06-23,17.84466743,3.0332,
2015-06-24,17.6779995,-0.934,
2015-06-25,17.9193325,1.3652,
2015-06-26,17.80599976,-0.6325,
2015-06-29,17.46800041,-1.8982,
2015-06-30,17.88400078,2.3815,7.5406
2015-07-01,17.94333267,0.3318,
2015-07-02,18.66799927,4.0386,
2015-07-06,18.64800072,-0.1071,
2015-07-07,17.85866737,-4.2328,
2015-07-08,16.99733353,-4.8231,
2015-07-09,17.19466782,1.161,
2015-07-10,17.27666664,0.4769,
2015-07-13,17.47733307,1.1615,
2015-07-14,17.70999908,1.3312,
2015-07-15,17.54266739,-0.9448,
2015-07-16,17.77866745,1.3453,
2015-07-17,18.31066704,2.9923,
2015-07-20,18.81733322,2.7671,
2015-07-21,17.78466606,-5.4879,
2015-07-22,17.8579998,0.4123,
2015-07-23,17.81333351,-0.2501,
2015-07-24,17.69400024,-0.6699,
2015-07-27,16.86733246,-4.672,
2015-07-28,17.6546669,4.6678,
2015-07-29,17.58799934,-0.3776,
2015-07-30,17.7859993,1.1258,
2015-07-31,17.74333382,-0.2399,-1.1146
2015-08-03,17.3326664,-2.3145,
2015-08-04,17.75200081,2.4193,
2015-08-05,18.00866699,1.4458,
2015-08-06,16.40866661,-8.8846,
2015-08-07,16.1673336,-1.4708,
2015-08-10,16.07600021,-0.5649,
2015-08-11,15.82466698,-1.5634,
2015-08-12,15.87800026,0.337,
2015-08-13,16.1673336,1.8222,
2015-08-14,16.20999908,0.2639,
2015-08-17,16.99933243,4.8694,
2015-08-18,17.3813324,2.2471,
2015-08-19,17.01666641,-2.098,
2015-08-20,16.14533234,-5.1205,
2015-08-21,15.3846674,-4.7114,
2015-08-24,14.59133339,-5.1567,
2015-08-25,14.66866684,0.53,
2015-08-26,14.98933315,2.1861,
2015-08-27,16.19933319,8.0724,
2015-08-28,16.56533241,2.2593,
2015-08-31,16.60400009,0.2334,-4.204
2015-09-01,15.90866661,-4.1877,
2015-09-02,16.5126667,3.7967,
2015-09-03,16.37133217,-0.8559,
2015-09-04,16.12866783,-1.4823,
2015-09-08,16.54466629,2.5792,
2015-09-09,16.59399986,0.2982,
2015-09-10,16.56533241,-0.1728,
2015-09-11,16.68266678,0.7083,
2015-09-14,16.8793335,1.1789,
2015-09-15,16.9046669,0.1501,
2015-09-16,17.48333359,3.4231,
2015-09-17,17.47133255,-0.0686,
2015-09-18,17.37466621,-0.5533,
2015-09-21,17.61333275,1.3736,
2015-09-22,17.39599991,-1.2339,
2015-09-23,17.40399933,0.046,
2015-09-24,17.54133224,0.7891,
2015-09-25,17.12733269,-2.3601,
2015-09-28,16.56200027,-3.3008,
2015-09-29,16.44333267,-0.7165,
2015-09-30,16.55999947,0.7095,4.0942
2015-10-01,15.99199963,-3.43,
2015-10-02,16.50466728,3.2058,
2015-10-05,16.40999985,-0.5736,
2015-10-06,16.09733391,-1.9053,
2015-10-07,15.46399975,-3.9344,
2015-10-08,15.11466694,-2.259,
2015-10-09,14.71266747,-2.6597,
2015-10-12,14.37199974,-2.3155,
2015-10-13,14.61666679,1.7024,
2015-10-14,14.4586668,-1.081,
2015-10-15,14.75399971,2.0426,
2015-10-16,15.13399982,2.5756,
2015-10-19,15.20666695,0.4802,
2015-10-20,14.20199966,-6.6068,
2015-10-21,14.00599957,-1.3801,
2015-10-22,14.11466694,0.7759,
2015-10-23,13.93933296,-1.2422,
2015-10-26,14.350667,2.9509,
2015-10-27,14.0233326,-2.281,
2015-10-28,14.19733334,1.2408,
2015-10-29,14.10866737,-0.6245,
2015-10-30,13.79533291,-2.2209,-13.736
2015-11-02,14.25266743,3.3151,
2015-11-03,13.89000034,-2.5446,
2015-11-04,15.44200039,11.1735,
2015-11-05,15.45133305,0.0604,
2015-11-06,15.49066734,0.2546,
2015-11-09,15.02200031,-3.0255,
2015-11-10,14.4333334,-3.9187,
2015-11-11,14.60533333,1.1917,
2015-11-12,14.1960001,-2.8026,
2015-11-13,13.81266689,-2.7003,
2015-11-16,14.28733253,3.4365,
2015-11-17,14.26666737,-0.1446,
2015-11-18,14.73799992,3.3037,
2015-11-19,14.78666687,0.3302,
2015-11-20,14.66733265,-0.807,
2015-11-23,14.51666737,-1.0272,
2015-11-24,14.55000019,0.2296,
2015-11-25,15.30933285,5.2188,
2015-11-27,15.44066715,0.8579,
2015-11-30,15.350667,-0.5829,7.7038
2015-12-01,15.81266689,3.0096,
2015-12-02,15.4659996,-2.1923,
2015-12-03,15.51399994,0.3104,
2015-12-04,15.35866737,-1.0012,
2015-12-07,15.40866661,0.3255,
2015-12-08,15.11466694,-1.908,
2015-12-09,14.96800041,-0.9704,
2015-12-10,15.13799953,1.1358,
2015-12-11,14.46800041,-4.4259,
2015-12-14,14.57199955,0.7188,
2015-12-15,14.73933315,1.1483,
2015-12-16,15.63399982,6.0699,
2015-12-17,15.55933285,-0.4776,
2015-12-18,15.36400032,-1.2554,
2015-12-21,15.50399971,0.9112,
2015-12-22,15.32999992,-1.1223,
2015-12-23,15.31333256,-0.1087,
2015-12-24,15.37133312,0.3788,
2015-12-28,15.26333332,-0.7026,
2015-12-29,15.81266689,3.599,
2015-12-30,15.87266731,0.3794,
2015-12-31,16.00066757,0.8064,1.1889
2016-01-04,14.89400005,-6.9164,
2016-01-05,14.89533329,0.009,
2016-01-06,14.60266685,-1.9648,
2016-01-07,14.37666702,-1.5477,
2016-01-08,14.0666666,-2.1563,
2016-01-11,13.85666656,-1.4929,
2016-01-12,13.99800014,1.02,
2016-01-13,13.35400009,-4.6007,
2016-01-14,13.74533272,2.9305,
2016-01-15,13.66600037,-0.5772,
2016-01-19,13.64799976,-0.1317,
2016-01-20,13.24666691,-2.9406,
2016-01-21,13.33133316,0.6392,
2016-01-22,13.50333309,1.2902,
2016-01-25,13.09200001,-3.0462,
2016-01-26,12.90400028,-1.436,
2016-01-27,12.53800011,-2.8363,
2016-01-28,12.64666653,0.8667,
2016-01-29,12.74666691,0.7907,-14.4174
2016-02-01,13.12933254,3.0021,
2016-02-02,12.18533325,-7.19,
2016-02-03,11.56533337,-5.0881,
2016-02-04,11.6886673,1.0664,
2016-02-05,10.84000015,-7.2606,
2016-02-08,9.866000175,-8.9852,
2016-02-09,9.883333206,0.1757,
2016-02-10,9.578000069,-3.0894,
2016-02-11,10.03133297,4.7331,
2016-02-12,10.06933308,0.3788,
2016-02-16,10.34466743,2.7344,
2016-02-17,11.24533272,8.7066,
2016-02-18,11.11800003,-1.1323,
2016-02-19,11.10533333,-0.1139,
2016-02-22,11.84933281,6.6995,
2016-02-23,11.81400013,-0.2982,
2016-02-24,11.9333334,1.0101,
2016-02-25,12.49533272,4.7095,
2016-02-26,12.68933296,1.5526,
2016-02-29,12.79533291,0.8353,-2.5439
2016-03-01,12.42333317,-2.9073,
2016-03-02,12.55599976,1.0679,
2016-03-03,13.04933262,3.9291,
2016-03-04,13.40266705,2.7077,
2016-03-07,13.68599987,2.114,
2016-03-08,13.50666714,-1.3103,
2016-03-09,13.91466713,3.0207,
2016-03-10,13.67866707,-1.6961,
2016-03-11,13.83333302,1.1307,
2016-03-14,14.34333324,3.6867,
2016-03-15,14.55599976,1.4827,
2016-03-16,14.79533291,1.6442,
2016-03-17,15.09200001,2.0051,
2016-03-18,15.51599979,2.8094,
2016-03-21,15.88799953,2.3975,
2016-03-22,15.61600018,-1.712,
2016-03-23,14.83866692,-4.9778,
2016-03-24,15.1833334,2.3228,
2016-03-28,15.350667,1.1021,
2016-03-29,15.34200001,-0.0565,
2016-03-30,15.1260004,-1.4079,
2016-03-31,15.31799984,1.2693,23.3002
2016-04-01,15.83933258,3.4034,
2016-04-04,16.4659996,3.9564,
2016-04-05,17.03133392,3.4333,
2016-04-06,17.69466782,3.8948,
2016-04-07,17.14666748,-3.097,
2016-04-08,16.67133331,-2.7722,
2016-04-11,16.66133308,-0.06,
2016-04-12,16.52133369,-0.8403,
2016-04-13,16.96866608,2.7076,
2016-04-14,16.79066658,-1.049,
2016-04-15,16.96733284,1.0522,
2016-04-18,16.92533302,-0.2475,
2016-04-19,16.49133301,-2.5642,
2016-04-20,16.66466713,1.0511,
2016-04-21,16.55266762,-0.6721,
2016-04-22,16.91666794,2.199,
2016-04-25,16.78800011,-0.7606,
2016-04-26,16.91600037,0.7625,
2016-04-27,16.76466751,-0.8946,
2016-04-28,16.51399994,-1.4952,
2016-04-29,16.05066681,-2.8057,1.3342
2016-05-02,16.12000084,0.432,
2016-05-03,15.48799992,-3.9206,
2016-05-04,14.83733273,-4.2011,
2016-05-05,14.10200024,-4.956,
2016-05-06,14.32866669,1.6073,
2016-05-09,13.92800045,-2.7963,
2016-05-10,13.91266727,-0.1101,
2016-05-11,13.93066692,0.1294,
2016-05-12,13.81866741,-0.804,
2016-05-13,13.84066677,0.1592,
2016-05-16,13.88599968,0.3275,
2016-05-17,13.64400005,-1.7428,
2016-05-18,14.07800007,3.1809,
2016-05-19,14.34733295,1.9131,
2016-05-20,14.68533325,2.3558,
2016-05-23,14.41466713,-1.8431,
2016-05-24,14.52733326,0.7816,
2016-05-25,14.63866711,0.7664,
2016-05-26,15.00800037,2.523,
2016-05-27,14.86933327,-0.924,
2016-05-31,14.88199997,0.0852,-7.6799
2016-06-01,14.63733292,-1.644,
2016-06-02,14.59733295,-0.2733,
2016-06-03,14.59933281,0.0137,
2016-06-06,14.71199989,0.7717,
2016-06-07,15.48933315,5.2837,
2016-06-08,15.70133305,1.3687,
2016-06-09,15.29066658,-2.6155,
2016-06-10,14.58600044,-4.6085,
2016-06-13,14.52466679,-0.4205,
2016-06-14,14.33066654,-1.3357,
2016-06-15,14.51333332,1.2747,
2016-06-16,14.52866745,0.1057,
2016-06-17,14.36466694,-1.1288,
2016-06-20,14.64666653,1.9631,
2016-06-21,14.64066696,-0.041,
2016-06-22,13.11066723,-10.4503,
2016-06-23,13.09333324,-0.1322,
2016-06-24,12.87666702,-1.6548,
2016-06-27,13.23666668,2.7958,
2016-06-28,13.45266724,1.6318,
2016-06-29,14.0126667,4.1627,
2016-06-30,14.15200043,0.9943,-3.3157
2016-07-01,14.4333334,1.9879,
2016-07-05,14.26533318,-1.164,
2016-07-06,14.29599953,0.215,
2016-07-07,14.39599991,0.6995,
2016-07-08,14.45199966,0.389,
2016-07-11,14.98533344,3.6904,
2016-07-12,14.9766674,-0.0578,
2016-07-13,14.83533287,-0.9437,
2016-07-14,14.76866722,-0.4494,
2016-07-15,14.69333267,-0.5101,
2016-07-18,15.08333302,2.6543,
2016-07-19,15.01733303,-0.4376,
2016-07-20,15.22399998,1.3762,
2016-07-21,14.69999981,-3.4419,
2016-07-22,14.81799984,0.8027,
2016-07-25,15.33399963,3.4822,
2016-07-26,15.30066681,-0.2174,
2016-07-27,15.23266697,-0.4444,
2016-07-28,15.3739996,0.9278,
2016-07-29,15.65266705,1.8126,8.448
2016-08-01,15.33399963,-2.0359,
2016-08-02,15.14666653,-1.2217,
2016-08-03,15.05266666,-0.6206,
2016-08-04,15.3739996,2.1347,
2016-08-05,15.33533287,-0.2515,
2016-08-08,15.07733345,-1.6824,
2016-08-09,15.27200031,1.2911,
2016-08-10,15.04333305,-1.4973,
2016-08-11,14.99400043,-0.3279,
2016-08-12,15.04066658,0.3112,
2016-08-15,15.03933334,-0.0089,
2016-08-16,14.90733337,-0.8777,
2016-08-17,14.88266659,-0.1655,
2016-08-18,14.90066719,0.121,
2016-08-19,15.0,0.6666,
2016-08-22,14.86200047,-0.92,
2016-08-23,14.98933315,0.8568,
2016-08-24,14.84133339,-0.9874,
2016-08-25,14.73066711,-0.7457,
2016-08-26,14.66600037,-0.439,
2016-08-29,14.34666729,-2.1774,
2016-08-30,14.08933258,-1.7937,
2016-08-31,14.13399982,0.317,-7.8257
2016-09-01,13.3846674,-5.3016,
2016-09-02,13.18533325,-1.4893,
2016-09-06,13.52200031,2.5533,
2016-09-07,13.44733334,-0.5522,
2016-09-08,13.15733337,-2.1566,
2016-09-09,12.96466732,-1.4643,
2016-09-12,13.22000027,1.9695,
2016-09-13,13.06999969,-1.1346,
2016-09-14,13.09399986,0.1836,
2016-09-15,13.36133289,2.0416,
2016-09-16,13.69333267,2.4848,
2016-09-19,13.75599957,0.4576,
2016-09-20,13.64266682,-0.8239,
2016-09-21,13.68133259,0.2834,
2016-09-22,13.76200008,0.5896,
2016-09-23,13.82999992,0.4941,
2016-09-26,13.93266678,0.7423,
2016-09-27,13.72066689,-1.5216,
2016-09-28,13.75133324,0.2235,
2016-09-29,13.38000011,-2.7003,
2016-09-30,13.60200024,1.6592,1.6237
2016-10-03,14.24666691,4.7395,
2016-10-04,14.09399986,-1.0716,
2016-10-05,13.89733315,-1.3954,
2016-10-06,13.39999962,-3.5786,
2016-10-07,13.10733318,-2.1841,
2016-10-10,13.39666653,2.2074,
2016-10-11,13.34000015,-0.423,
2016-10-12,13.43400002,0.7046,
2016-10-13,13.34933281,-0.6302,
2016-10-14,13.100667,-1.8628,
2016-10-17,12.93066692,-1.2976,
2016-10-18,13.2733326,2.65,
2016-10-19,13.57066727,2.2401,
2016-10-20,13.2733326,-2.191,
2016-10-21,13.33933258,0.4972,
2016-10-24,13.51733303,1.3344,
2016-10-25,13.48933315,-0.2071,
2016-10-26,13.48266697,-0.0494,
2016-10-27,13.600667,0.8752,
2016-10-28,13.33133316,-1.9803,
2016-10-31,13.18200016,-1.1202,-7.4731
2016-11-01,12.7193327,-3.5098,
2016-11-02,12.53466702,-1.4519,
2016-11-03,12.49466705,-0.3191,
2016-11-04,12.70400047,1.6754,
2016-11-07,12.88066673,1.3906,
2016-11-08,12.99600029,0.8954,
2016-11-09,12.67066669,-2.5033,
2016-11-10,12.35666656,-2.4782,
2016-11-11,12.57066727,1.7319,
2016-11-14,12.09666729,-3.7707,
2016-11-15,12.25133324,1.2786,
2016-11-16,12.26200008,0.0871,
2016-11-17,12.57733345,2.5716,
2016-11-18,12.33466721,-1.9294,
2016-11-21,12.30133343,-0.2702,
2016-11-22,12.74466705,3.6039,
2016-11-23,12.8760004,1.0305,
2016-11-25,13.10999966,1.8173,
2016-11-28,13.07466698,-0.2695,
2016-11-29,12.63799953,-3.3398,
2016-11-30,12.62666702,-0.0897,-0.7285
2016-12-01,12.12533283,-3.9704,
2016-12-02,12.09799957,-0.2254,
2016-12-05,12.4533329,2.9371,
2016-12-06,12.39000034,-0.5086,
2016-12-07,12.87666702,3.9279,
2016-12-08,12.81933308,-0.4453,
2016-12-09,12.81200027,-0.0572,
2016-12-12,12.82866669,0.1301,
2016-12-13,13.21000004,2.9725,
2016-12-14,13.24600029,0.2725,
2016-12-15,13.17199993,-0.5587,
2016-12-16,13.49933338,2.4851,
2016-12-19,13.51533318,0.1185,
2016-12-20,13.91933346,2.9892,
2016-12-21,13.84666729,-0.5221,
2016-12-22,13.89666653,0.3611,
2016-12-23,14.22266674,2.3459,
2016-12-27,14.63533306,2.9015,
2016-12-28,14.649333,0.0957,
2016-12-29,14.31200027,-2.3027,
2016-12-30,14.24600029,-0.4612,17.4896
2017-01-03,14.4659996,1.5443,
2017-01-04,15.13266659,4.6085,
2017-01-05,15.11666679,-0.1057,
2017-01-06,15.26733303,0.9967,
2017-01-09,15.41866684,0.9912,
2017-01-10,15.32466698,-0.6096,
2017-01-11,15.31533337,-0.0609,
2017-01-12,15.30599976,-0.0609,
2017-01-13,15.85000038,3.5542,
2017-01-17,15.70533276,-0.9127,
2017-01-18,15.89066696,1.1801,
2017-01-19,16.25066757,2.2655,
2017-01-20,16.31533241,0.3979,
2017-01-23,16.59466743,1.7121,
2017-01-24,16.97400093,2.2859,
2017-01-25,16.96466637,-0.055,
2017-01-26,16.83399963,-0.7702,
2017-01-27,16.86333275,0.1742,
2017-01-30,16.70866776,-0.9172,
2017-01-31,16.79533386,0.5187,16.1021
2017-02-01,16.61599922,-1.0678,
2017-02-02,16.77000046,0.9268,
2017-02-03,16.75533295,-0.0875,
2017-02-06,17.18466759,2.5624,
2017-02-07,17.16533279,-0.1125,
2017-02-08,17.47200012,1.7866,
2017-02-09,17.94666672,2.7167,
2017-02-10,17.94866753,0.0111,
2017-02-13,18.70666695,4.2232,
2017-02-14,18.73200035,0.1354,
2017-02-15,18.65066719,-0.4342,
2017-02-16,17.93000031,-3.864,
2017-02-17,18.14866638,1.2196,
2017-02-21,18.49266624,1.8955,
2017-02-22,18.23399925,-1.3988,
2017-02-23,17.06599998,-6.4056,
2017-02-24,17.13333321,0.3945,
2017-02-27,16.41533279,-4.1907,
2017-02-28,16.66600037,1.527,0.3009
2017-03-01,16.66799927,0.012,
2017-03-02,16.69866753,0.184,
2017-03-03,16.77133369,0.4352,
2017-03-06,16.74733353,-0.1431,
2017-03-07,16.57266617,-1.043,
2017-03-08,16.45800018,-0.6919,
2017-03-09,16.32666779,-0.798,
2017-03-10,16.24600029,-0.4941,
2017-03-13,16.41133308,1.0177,
2017-03-14,17.20000076,4.8056,
2017-03-15,17.04866791,-0.8798,
2017-03-16,17.46999931,2.4713,
2017-03-17,17.43333244,-0.2099,
2017-03-20,17.46133232,0.1606,
2017-03-21,16.71199989,-4.2914,
2017-03-22,17.00066757,1.7273,
2017-03-23,16.98533249,-0.0902,
2017-03-24,17.54400063,3.2891,
2017-03-27,18.01466751,2.6828,
2017-03-28,18.49666786,2.6756,
2017-03-29,18.49200058,-0.0252,
2017-03-30,18.52799988,0.1947,
2017-03-31,18.55333328,0.1367,11.3111
2017-04-03,19.90133286,7.2655,
2017-04-04,20.24666786,1.7352,
2017-04-05,19.66666794,-2.8647,
2017-04-06,19.91333389,1.2542,
2017-04-07,20.1693325,1.2856,
2017-04-10,20.82600021,3.2558,
2017-04-11,20.5806675,-1.178,
2017-04-12,19.78933334,-3.845,
2017-04-13,20.26666641,2.4121,
2017-04-17,20.09600067,-0.8421,
2017-04-18,20.01666641,-0.3948,
2017-04-19,20.36800003,1.7552,
2017-04-20,20.1673336,-0.9852,
2017-04-21,20.37333298,1.0215,
2017-04-24,20.53533363,0.7952,
2017-04-25,20.9193325,1.8699,
2017-04-26,20.6779995,-1.1536,
2017-04-27,20.57533264,-0.4965,
2017-04-28,20.93799973,1.7626,5.209
2017-05-01,21.52199936,2.7892,
2017-05-02,21.25933266,-1.2205,
2017-05-03,20.73466682,-2.4679,
2017-05-04,19.69733238,-5.0029,
2017-05-05,20.55666733,4.3627,
2017-05-08,20.47933388,-0.3762,
2017-05-09,21.4173336,4.5802,
2017-05-10,21.68133354,1.2326,
2017-05-11,21.54000092,-0.6519,
2017-05-12,21.65399933,0.5292,
2017-05-15,21.05866623,-2.7493,
2017-05-16,21.13400078,0.3577,
2017-05-17,20.40733337,-3.4384,
2017-05-18,20.8706665,2.2704,
2017-05-19,20.72200012,-0.7123,
2017-05-22,20.69000053,-0.1544,
2017-05-23,20.25733376,-2.0912,
2017-05-24,20.68133354,2.0931,
2017-05-25,21.12199974,2.1307,
2017-05-26,21.6760006,2.6229,
2017-05-30,22.34000015,3.0633,
2017-05-31,22.73399925,1.7636,5.6314
2017-06-01,22.69133377,-0.1877,
2017-06-02,22.65666771,-0.1528,
2017-06-05,23.1546669,2.198,
2017-06-06,23.5233326,1.5922,
2017-06-07,23.9766674,1.9272,
2017-06-08,24.66666794,2.8778,
2017-06-09,23.82133293,-3.427,
2017-06-12,23.93400002,0.473,
2017-06-13,25.06333351,4.7185,
2017-06-14,25.37733269,1.2528,
2017-06-15,25.02266693,-1.3976,
2017-06-16,24.76000023,-1.0497,
2017-06-19,24.65333366,-0.4308,
2017-06-20,24.81599998,0.6598,
2017-06-21,25.09333229,1.1176,
2017-06-22,25.50733376,1.6498,
2017-06-23,25.56333351,0.2195,
2017-06-26,25.16600037,-1.5543,
2017-06-27,24.15800095,-4.0054,
2017-06-28,24.74933243,2.4478,
2017-06-29,24.04999924,-2.8257,
2017-06-30,24.10733223,0.2384,6.2403
2017-07-03,23.50799942,-2.4861,
2017-07-05,21.80599976,-7.2401,
2017-07-06,20.58866692,-5.5826,
2017-07-07,20.8813324,1.4215,
2017-07-10,21.06999969,0.9035,
2017-07-11,21.81466675,3.5343,
2017-07-12,21.96800041,0.7029,
2017-07-13,21.56066704,-1.8542,
2017-07-14,21.85199928,1.3512,
2017-07-17,21.30466652,-2.5047,
2017-07-18,21.88266754,2.713,
2017-07-19,21.68400002,-0.9079,
2017-07-20,21.99466705,1.4327,
2017-07-21,21.89333344,-0.4607,
2017-07-24,22.83466721,4.2996,
2017-07-25,22.63999939,-0.8525,
2017-07-26,22.92333221,1.2515,
2017-07-27,22.29733276,-2.7308,
2017-07-28,22.33799934,0.1824,
2017-07-31,21.56466675,-3.462,-8.2667
2017-08-01,21.30466652,-1.2057,
2017-08-02,21.72599983,1.9777,
2017-08-03,23.13933372,6.5053,
2017-08-04,23.79400063,2.8292,
2017-08-07,23.6779995,-0.4875,
2017-08-08,24.34799957,2.8296,
2017-08-09,24.23533249,-0.4627,
2017-08-10,23.69333267,-2.2364,
2017-08-11,23.8579998,0.695,
2017-08-14,24.25333214,1.657,
2017-08-15,24.15533257,-0.4041,
2017-08-16,24.19400024,0.1601,
2017-08-17,23.46133232,-3.0283,
2017-08-18,23.16399956,-1.2673,
2017-08-21,22.52400017,-2.7629,
2017-08-22,22.75666618,1.033,
2017-08-23,23.51799965,3.3455,
2017-08-24,23.52866745,0.0454,
2017-08-25,23.2033329,-1.3827,
2017-08-28,23.04400063,-0.6867,
2017-08-29,23.15733337,0.4918,
2017-08-30,23.54533386,1.6755,
2017-08-31,23.7266674,0.7701,11.3684
2017-09-01,23.69333267,-0.1405,
2017-09-05,23.30599976,-1.6348,
2017-09-06,22.96866608,-1.4474,
2017-09-07,23.37400055,1.7647,
2017-09-08,22.89333344,-2.0564,
2017-09-11,24.24600029,5.9086,
2017-09-12,24.18333244,-0.2585,
2017-09-13,24.41533279,0.9593,
2017-09-14,25.1760006,3.1155,
2017-09-15,25.32066727,0.5746,
2017-09-18,25.66666794,1.3665,
2017-09-19,25.00666618,-2.5714,
2017-09-20,24.92733383,-0.3172,
2017-09-21,24.43199921,-1.9871,
2017-09-22,23.40600014,-4.1994,
2017-09-25,22.99933243,-1.7375,
2017-09-26,23.01666641,0.0754,
2017-09-27,22.73133278,-1.2397,
2017-09-28,22.63999939,-0.4018,
2017-09-29,22.73999977,0.4417,-4.0236
2017-10-02,22.76866722,0.1261,
2017-10-03,23.20933342,1.9354,
2017-10-04,23.6673336,1.9733,
2017-10-05,23.6886673,0.0901,
2017-10-06,23.79199982,0.4362,
2017-10-09,22.86266708,-3.9061,
2017-10-10,23.70599937,3.6887,
2017-10-11,23.63999939,-0.2784,
2017-10-12,23.71199989,0.3046,
2017-10-13,23.70466614,-0.0309,
2017-10-16,23.37333298,-1.3978,
2017-10-17,23.71666718,1.4689,
2017-10-18,23.9766674,1.0963,
2017-10-19,23.45400047,-2.1799,
2017-10-20,23.00666618,-1.9073,
2017-10-23,22.46800041,-2.3413,
2017-10-24,22.4893322,0.0949,
2017-10-25,21.72266769,-3.409,
2017-10-26,21.74466705,0.1013,
2017-10-27,21.39133263,-1.6249,
2017-10-30,21.33866692,-0.2462,
2017-10-31,22.10199928,3.5772,-2.928
2017-11-01,21.40533257,-3.1521,
2017-11-02,19.95066643,-6.7958,
2017-11-03,20.40600014,2.2823,
2017-11-06,20.18533325,-1.0814,
2017-11-07,20.40333366,1.08,
2017-11-08,20.29266739,-0.5424,
2017-11-09,20.19933319,-0.4599,
2017-11-10,20.19933319,0.0,
2017-11-13,21.02666664,4.0958,
2017-11-14,20.57999992,-2.1243,
2017-11-15,20.75333214,0.8422,
2017-11-16,20.83333206,0.3855,
2017-11-17,21.00333214,0.816,
2017-11-20,20.5826664,-2.0029,
2017-11-21,21.18733215,2.9377,
2017-11-22,20.84000015,-1.6393,
2017-11-24,21.03666687,0.9437,
2017-11-27,21.1206665,0.3993,
2017-11-28,21.17000008,0.2336,
2017-11-29,20.50266647,-3.1523,
2017-11-30,20.59000015,0.426,-3.809
2017-12-01,20.43533325,-0.7512,
2017-12-04,20.34666634,-0.4339,
2017-12-05,20.24666786,-0.4915,
2017-12-06,20.88400078,3.1478,
2017-12-07,20.74933243,-0.6448,
2017-12-08,21.00866699,1.2498,
2017-12-11,21.92733383,4.3728,
2017-12-12,22.73533249,3.6849,
2017-12-13,22.60199928,-0.5865,
2017-12-14,22.52599907,-0.3363,
2017-12-15,22.89666748,1.6455,
2017-12-18,22.59133339,-1.3335,
2017-12-19,22.07333374,-2.2929,
2017-12-20,21.93199921,-0.6403,
2017-12-21,22.11066628,0.8146,
2017-12-22,21.68000031,-1.9478,
2017-12-26,21.15266609,-2.4324,
2017-12-27,20.77599907,-1.7807,
2017-12-28,21.02400017,1.1937,
2017-12-29,20.75666618,-1.2716,1.5724
2018-01-02,21.3686676,2.9485,
2018-01-03,21.14999962,-1.0233,
2018-01-04,20.9746666,-0.829,
2018-01-05,21.10533333,0.623,
2018-01-08,22.42733383,6.2638,
2018-01-09,22.24600029,-0.8085,
2018-01-10,22.31999969,0.3326,
2018-01-11,22.53000069,0.9409,
2018-01-12,22.41466713,-0.5119,
2018-01-16,22.67066765,1.1421,
2018-01-17,23.1439991,2.0879,
2018-01-18,22.97133255,-0.7461,
2018-01-19,23.33466721,1.5817,
2018-01-22,23.43733215,0.44,
2018-01-23,23.51933289,0.3499,
2018-01-24,23.0593338,-1.9558,
2018-01-25,22.50933266,-2.3852,
2018-01-26,22.85666656,1.5431,
2018-01-29,23.30200005,1.9484,
2018-01-30,23.05466652,-1.0614,
2018-01-31,23.6206665,2.455,10.5388
2018-02-01,23.28333282,-1.4281,
2018-02-02,22.91666794,-1.5748,
2018-02-05,22.20866776,-3.0895,
2018-02-06,22.26466751,0.2522,
2018-02-07,23.0,3.3027,
2018-02-08,21.01533318,-8.629,
2018-02-09,20.69466782,-1.5259,
2018-02-12,21.04866791,1.7106,
2018-02-13,21.57733345,2.5116,
2018-02-14,21.4873333,-0.4171,
2018-02-15,22.27133369,3.6487,
2018-02-16,22.36599922,0.4251,
2018-02-20,22.31800079,-0.2146,
2018-02-21,22.21999931,-0.4391,
2018-02-22,23.07799911,3.8614,
2018-02-23,23.46999931,1.6986,
2018-02-26,23.82799911,1.5254,
2018-02-27,23.39933205,-1.799,
2018-02-28,22.8706665,-2.2593,-1.7724
2018-03-01,22.06200027,-3.5358,
2018-03-02,22.34133339,1.2661,
2018-03-05,22.22333336,-0.5282,
2018-03-06,21.87999916,-1.5449,
2018-03-07,22.15333366,1.2492,
2018-03-08,21.94000053,-0.963,
2018-03-09,21.8113327,-0.5865,
2018-03-12,23.0340004,5.6057,
2018-03-13,22.78933334,-1.0622,
2018-03-14,21.7753334,-4.4494,
2018-03-15,21.70666695,-0.3153,
2018-03-16,21.42333221,-1.3053,
2018-03-19,20.90399933,-2.4241,
2018-03-20,20.7033329,-0.9599,
2018-03-21,21.10199928,1.9256,
2018-03-22,20.60666656,-2.3473,
2018-03-23,20.10266685,-2.4458,
2018-03-26,20.27866745,0.8755,
2018-03-27,18.61199951,-8.2188,
2018-03-28,17.18533325,-7.6653,
2018-03-29,17.74200058,3.2392,-19.5812
2018-04-02,16.83200073,-5.1291,
2018-04-03,17.83533287,5.9609,
2018-04-04,19.1293335,7.2553,
2018-04-05,20.3813324,6.5449,
2018-04-06,19.9533329,-2.1,
2018-04-09,19.31066704,-3.2208,
2018-04-10,20.31333351,5.1923,
2018-04-11,20.06200027,-1.2373,
2018-04-12,19.60533333,-2.2763,
2018-04-13,20.02266693,2.1287,
2018-04-16,19.41399956,-3.0399,
2018-04-17,19.17933273,-1.2088,
2018-04-18,19.55666733,1.9674,
2018-04-19,20.00533295,2.2942,
2018-04-20,19.34933281,-3.2791,
2018-04-23,18.89133263,-2.367,
2018-04-24,18.89733315,0.0318,
2018-04-25,18.71266747,-0.9772,
2018-04-26,19.03199959,1.7065,
2018-04-27,19.60533333,3.0125,
2018-04-30,19.59333229,-0.0612,16.4052
2018-05-01,19.99466705,2.0483,
2018-05-02,20.07666779,0.4101,
2018-05-03,18.96333313,-5.5454,
2018-05-04,19.6060009,3.389,
2018-05-07,20.18466759,2.9515,
2018-05-08,20.1313324,-0.2642,
2018-05-09,20.45666695,1.6161,
2018-05-10,20.33466721,-0.5964,
2018-05-11,20.07066727,-1.2983,
2018-05-14,19.46466637,-3.0193,
2018-05-15,18.94533348,-2.6681,
2018-05-16,19.09866714,0.8093,
2018-05-17,18.96933365,-0.6772,
2018-05-18,18.45466614,-2.7132,
2018-05-21,18.9659996,2.7708,
2018-05-22,18.33399963,-3.3323,
2018-05-23,18.60466766,1.4763,
2018-05-24,18.5233326,-0.4372,
2018-05-25,18.59000015,0.3599,
2018-05-29,18.9173336,1.7608,
2018-05-30,19.44799995,2.8052,
2018-05-31,18.98200035,-2.3961,-5.0647
2018-06-01,19.45466614,2.4901,
2018-06-04,19.78266716,1.686,
2018-06-05,19.40866661,-1.8905,
2018-06-06,21.29999924,9.7448,
2018-06-07,21.07266617,-1.0673,
2018-06-08,21.17733383,0.4967,
2018-06-11,22.13999939,4.5457,
2018-06-12,22.85133362,3.2129,
2018-06-13,22.98533249,0.5864,
2018-06-14,23.84799957,3.7531,
2018-06-15,23.87800026,0.1258,
2018-06-18,24.72200012,3.5346,
2018-06-19,23.50333214,-4.9295,
2018-06-20,24.14800072,2.7429,
2018-06-21,23.1673336,-4.0611,
2018-06-22,22.24200058,-3.9941,
2018-06-25,22.20066643,-0.1858,
2018-06-26,22.79999924,2.6996,
2018-06-27,22.96666718,0.731,
2018-06-28,23.32866669,1.5762,
2018-06-29,22.86333275,-1.9947,17.5211
2018-07-02,22.33799934,-2.2977,
2018-07-03,20.72400093,-7.2253,
2018-07-05,20.61066628,-0.5469,
2018-07-06,20.59333229,-0.0841,
2018-07-09,21.23399925,3.111,
2018-07-10,21.49799919,1.2433,
2018-07-11,21.26399994,-1.0885,
2018-07-12,21.11400032,-0.7054,
2018-07-13,21.25799942,0.682,
2018-07-16,20.67333221,-2.7503,
2018-07-17,21.5126667,4.06,
2018-07-18,21.59000015,0.3595,
2018-07-19,21.34866714,-1.1178,
2018-07-20,20.90533257,-2.0766,
2018-07-23,20.21333313,-3.3102,
2018-07-24,19.82866669,-1.903,
2018-07-25,20.5826664,3.8026,
2018-07-26,20.44333267,-0.6769,
2018-07-27,19.81200027,-3.0882,
2018-07-30,19.34466743,-2.3588,
2018-07-31,19.87599945,2.7467,-11.0216
2018-08-01,20.05599976,0.9056,
2018-08-02,23.30266762,16.188,
2018-08-03,23.21133232,-0.392,
2018-08-06,22.79933357,-1.775,
2018-08-07,25.30466652,10.9886,
2018-08-08,24.68933296,-2.4317,
2018-08-09,23.49666786,-4.8307,
2018-08-10,23.69933319,0.8625,
2018-08-13,23.7606678,0.2588,
2018-08-14,23.1760006,-2.4607,
2018-08-15,22.57933235,-2.5745,
2018-08-16,22.36333275,-0.9566,
2018-08-17,20.36666679,-8.9283,
2018-08-20,20.56266785,0.9624,
2018-08-21,21.45999908,4.3639,
2018-08-22,21.44266701,-0.0808,
2018-08-23,21.34000015,-0.4788,
2018-08-24,21.52133369,0.8497,
2018-08-27,21.28466606,-1.0997,
2018-08-28,20.79066658,-2.3209,
2018-08-29,20.33399963,-2.1965,
2018-08-30,20.20999908,-0.6098,
2018-08-31,20.11066628,-0.4915,0.2726
2018-09-04,19.26333237,-4.2134,
2018-09-05,18.7159996,-2.8413,
2018-09-06,18.72999954,0.0748,
2018-09-07,17.54933357,-6.3036,
2018-09-10,19.03333282,8.4562,
2018-09-11,18.6293335,-2.1226,
2018-09-12,19.36933327,3.9722,
2018-09-13,19.29733276,-0.3717,
2018-09-14,19.68000031,1.983,
2018-09-17,19.65600014,-0.122,
2018-09-18,18.99733353,-3.351,
2018-09-19,19.93466759,4.934,
2018-09-20,19.88866615,-0.2308,
2018-09-21,19.94000053,0.2581,
2018-09-24,19.97866631,0.1939,
2018-09-25,20.06599998,0.4371,
2018-09-26,20.63866615,2.8539,
2018-09-27,20.50133324,-0.6654,
2018-09-28,17.65133286,-13.9015,-8.3682
2018-10-01,20.71333313,17.3471,
2018-10-02,20.06800079,-3.1155,
2018-10-03,19.65333366,-2.0663,
2018-10-04,18.78866768,-4.3996,
2018-10-05,17.46333313,-7.0539,
2018-10-08,16.70400047,-4.3482,
2018-10-09,17.52000046,4.8851,
2018-10-10,17.12533379,-2.2527,
2018-10-11,16.81533241,-1.8102,
2018-10-12,17.25200081,2.5968,
2018-10-15,17.30599976,0.313,
2018-10-16,18.43933296,6.5488,
2018-10-17,18.1186676,-1.739,
2018-10-18,17.59399986,-2.8957,
2018-10-19,17.33333206,-1.4816,
2018-10-22,17.39666748,0.3654,
2018-10-23,19.60933304,12.7189,
2018-10-24,19.23333359,-1.9175,
2018-10-25,20.99066734,9.1369,
2018-10-26,22.05999947,5.0943,
2018-10-29,22.32333374,1.1937,
2018-10-30,21.99333382,-1.4783,
2018-10-31,22.48800087,2.2492,8.5678
2018-11-01,22.95199966,2.0633,
2018-11-02,23.09399986,0.6187,
2018-11-05,22.76000023,-1.4463,
2018-11-06,22.7373333,-0.0996,
2018-11-07,23.21066666,2.0817,
2018-11-08,23.42666626,0.9306,
2018-11-09,23.36733246,-0.2533,
2018-11-12,22.08533287,-5.4863,
2018-11-13,22.58200073,2.2489,
2018-11-14,22.93333244,1.5558,
2018-11-15,23.22933388,1.2907,
2018-11-16,23.6206665,1.6846,
2018-11-19,23.56466675,-0.2371,
2018-11-20,23.16600037,-1.6918,
2018-11-21,22.54599953,-2.6763,
2018-11-23,21.72200012,-3.6547,
2018-11-26,23.06666756,6.1903,
2018-11-27,22.9279995,-0.6012,
2018-11-28,23.19133377,1.1485,
2018-11-29,22.74466705,-1.926,
2018-11-30,23.36533356,2.7288,1.8009
2018-12-03,23.89933205,2.2854,
2018-12-04,23.97999954,0.3375,
2018-12-06,24.20400047,0.9341,
2018-12-07,23.86466789,-1.402,
2018-12-10,24.34333229,2.0057,
2018-12-11,24.45066643,0.4409,
2018-12-12,24.44000053,-0.0436,
2018-12-13,25.11933327,2.7796,
2018-12-14,24.38066673,-2.9406,
2018-12-17,23.22800064,-4.7278,
2018-12-18,22.46866608,-3.269,
2018-12-19,22.19799995,-1.2046,
2018-12-20,21.0253334,-5.2828,
2018-12-21,21.31800079,1.392,
2018-12-24,19.69266701,-7.6242,
2018-12-26,21.7393322,10.393,
2018-12-27,21.07533264,-3.0544,
2018-12-28,22.25799942,5.6116,
2018-12-31,22.18666649,-0.3205,-7.1662
2019-01-02,20.67466736,-6.8149,
2019-01-03,20.02400017,-3.1472,
2019-01-04,21.17933273,5.7697,
2019-01-07,22.3306675,5.4361,
2019-01-08,22.35666656,0.1164,
2019-01-09,22.56866646,0.9483,
2019-01-10,22.99799919,1.9023,
2019-01-11,23.15066719,0.6638,
2019-01-14,22.29333305,-3.7033,
2019-01-15,22.96199989,2.9994,
2019-01-16,23.06999969,0.4703,
2019-01-17,23.15399933,0.3641,
2019-01-18,20.15066719,-12.9711,
2019-01-22,19.9279995,-1.105,
2019-01-23,19.17266655,-3.7903,
2019-01-24,19.43400002,1.3631,
2019-01-25,19.80266762,1.897,
2019-01-28,19.75866699,-0.2222,
2019-01-29,19.8306675,0.3644,
2019-01-30,20.58466721,3.8022,
2019-01-31,20.46800041,-0.5668,-0.9996
2019-02-01,20.81399918,1.6904,
2019-02-04,20.85933304,0.2178,
2019-02-05,21.42333221,2.7038,
2019-02-06,21.14800072,-1.2852,
2019-02-07,20.50066757,-3.061,
2019-02-08,20.38666725,-0.5561,
2019-02-11,20.8560009,2.3022,
2019-02-12,20.78733253,-0.3292,
2019-02-13,20.54466629,-1.1674,
2019-02-14,20.25133324,-1.4278,
2019-02-15,20.5253334,1.353,
2019-02-19,20.37599945,-0.7276,
2019-02-20,20.17066765,-1.0077,
2019-02-21,19.41533279,-3.7447,
2019-02-22,19.64733315,1.1949,
2019-02-25,19.91799927,1.3776,
2019-02-26,19.85733223,-0.3046,
2019-02-27,20.98266792,5.6671,
2019-02-28,21.32533264,1.6331,2.4567
2019-03-01,19.65266609,-7.8436,
2019-03-04,19.02400017,-3.1989,
2019-03-05,18.43600082,-3.0908,
2019-03-06,18.41600037,-0.1085,
2019-03-07,18.43933296,0.1267,
2019-03-08,18.94266701,2.7297,
2019-03-11,19.39466667,2.3861,
2019-03-12,18.89066696,-2.5987,
2019-03-13,19.26399994,1.9763,
2019-03-14,19.3306675,0.3461,
2019-03-15,18.36199951,-5.011,
2019-03-18,17.9659996,-2.1566,
2019-03-19,17.83133316,-0.7496,
2019-03-20,18.23999977,2.2918,
2019-03-21,18.26799965,0.1535,
2019-03-22,17.63533211,-3.4633,
2019-03-25,17.36133385,-1.5537,
2019-03-26,17.85133362,2.8224,
2019-03-27,18.3220005,2.6366,
2019-03-28,18.57466698,1.379,
2019-03-29,18.65733337,0.445,-5.0646
2019-04-01,19.27866745,3.3302,
2019-04-02,19.05866623,-1.1412,
2019-04-03,19.45400047,2.0743,
2019-04-04,17.85199928,-8.2348,
2019-04-05,18.3306675,2.6813,
2019-04-08,18.21333313,-0.6401,
2019-04-09,18.15399933,-0.3258,
2019-04-10,18.40399933,1.3771,
2019-04-11,17.89466667,-2.7675,
2019-04-12,17.84666634,-0.2682,
2019-04-15,17.75866699,-0.4931,
2019-04-16,18.22400093,2.6203,
2019-04-17,18.08200073,-0.7792,
2019-04-18,18.21733284,0.7484,
2019-04-22,17.51666641,-3.8462,
2019-04-23,17.59333229,0.4377,
2019-04-24,17.24399948,-1.9856,
2019-04-25,16.50866699,-4.2643,
2019-04-26,15.67599964,-5.0438,
2019-04-29,16.09799957,2.692,
2019-04-30,15.91266727,-1.1513,-17.4597
2019-05-01,15.600667,-1.9607,
2019-05-02,16.2733326,4.3118,
2019-05-03,17.00200081,4.4777,
2019-05-06,17.02266693,0.1216,
2019-05-07,16.47066689,-3.2427,
2019-05-08,16.32266617,-0.8986,
2019-05-09,16.13199997,-1.1681,
2019-05-10,15.96800041,-1.0166,
2019-05-13,15.13399982,-5.2229,
2019-05-14,15.4873333,2.3347,
2019-05-15,15.46333313,-0.155,
2019-05-16,15.22200012,-1.5607,
2019-05-17,14.06866741,-7.5767,
2019-05-20,13.69066715,-2.6868,
2019-05-21,13.67199993,-0.1363,
2019-05-22,12.84866714,-6.022,
2019-05-23,13.03266716,1.4321,
2019-05-24,12.7086668,-2.4861,
2019-05-28,12.57999992,-1.0124,
2019-05-29,12.65733337,0.6147,
2019-05-30,12.54800034,-0.8638,
2019-05-31,12.34399986,-1.6258,-20.8752
2019-06-03,11.93133259,-3.3431,
2019-06-04,12.90666676,8.1746,
2019-06-05,13.10599995,1.5444,
2019-06-06,13.72999954,4.7612,
2019-06-07,13.63333321,-0.7041,
2019-06-10,14.19200039,4.0978,
2019-06-11,14.47333336,1.9823,
2019-06-12,13.95066738,-3.6112,
2019-06-13,14.26066685,2.2221,
2019-06-14,14.32800007,0.4722,
2019-06-17,15.00199986,4.7041,
2019-06-18,14.98266697,-0.1289,
2019-06-19,15.0953331,0.752,
2019-06-20,14.64133263,-3.0076,
2019-06-21,14.79066658,1.0199,
2019-06-24,14.90933323,0.8023,
2019-06-25,14.65066719,-1.7349,
2019-06-26,14.61800003,-0.223,
2019-06-27,14.85599995,1.6281,
2019-06-28,14.89733315,0.2782,24.8589
2019-07-01,15.14466667,1.6603,
2019-07-02,14.97000027,-1.1533,
2019-07-03,15.65999985,4.6092,
2019-07-05,15.53999996,-0.7663,
2019-07-08,15.35599995,-1.184,
2019-07-09,15.33733273,-0.1216,
2019-07-10,15.92800045,3.8512,
2019-07-11,15.90666676,-0.1339,
2019-07-12,16.33866692,2.7158,
2019-07-15,16.89999962,3.4356,
2019-07-16,16.82533264,-0.4418,
2019-07-17,16.99066734,0.9827,
2019-07-18,16.90266609,-0.5179,
2019-07-19,17.21199989,1.8301,
2019-07-22,17.04533386,-0.9683,
2019-07-23,17.34466743,1.7561,
2019-07-24,17.65866661,1.8103,
2019-07-25,15.25466728,-13.6137,
2019-07-26,15.20266724,-0.3409,
2019-07-29,15.71800041,3.3898,
2019-07-30,16.15066719,2.7527,
2019-07-31,16.10733223,-0.2683,6.3565
2019-08-01,15.59000015,-3.2118,
2019-08-02,15.62266731,0.2095,
2019-08-05,15.22133255,-2.5689,
2019-08-06,15.38333321,1.0643,
2019-08-07,15.5613327,1.1571,
2019-08-08,15.88666725,2.0907,
2019-08-09,15.66733265,-1.3806,
2019-08-12,15.26733303,-2.5531,
2019-08-13,15.66666698,2.6156,
2019-08-14,14.64133263,-6.5447,
2019-08-15,14.3760004,-1.8122,
2019-08-16,14.66266727,1.9941,
2019-08-19,15.12199974,3.1327,
2019-08-20,15.05733299,-0.4276,
2019-08-21,14.72200012,-2.227,
2019-08-22,14.81000042,0.5977,
2019-08-23,14.09333324,-4.8391,
2019-08-26,14.33333302,1.7029,
2019-08-27,14.27200031,-0.4279,
2019-08-28,14.37266731,0.7053,
2019-08-29,14.7806673,2.8387,
2019-08-30,15.04066658,1.759,-3.5236
2019-09-03,15.00066662,-0.2659,
2019-09-04,14.71199989,-1.9244,
2019-09-05,15.30533314,4.033,
2019-09-06,15.16333294,-0.9278,
2019-09-09,15.45266724,1.9081,
2019-09-10,15.70266724,1.6178,
2019-09-11,16.47333336,4.9079,
2019-09-12,16.39133263,-0.4978,
2019-09-13,16.34666634,-0.2725,
2019-09-16,16.18733215,-0.9747,
2019-09-17,16.31933212,0.8155,
2019-09-18,16.23266792,-0.5311,
2019-09-19,16.44000053,1.2773,
2019-09-20,16.04133224,-2.425,
2019-09-23,16.08200073,0.2535,
2019-09-24,14.88066673,-7.4701,
2019-09-25,15.24666691,2.4596,
2019-09-26,16.17066765,6.0603,
2019-09-27,16.1420002,-0.1773,
2019-09-30,16.05800056,-0.5204,7.0486
2019-10-01,16.31266785,1.5859,
2019-10-02,16.20866776,-0.6375,
2019-10-03,15.53533268,-4.1542,
2019-10-04,15.42866707,-0.6866,
2019-10-07,15.84799957,2.7179,
2019-10-08,16.00333214,0.9801,
2019-10-09,16.30200005,1.8663,
2019-10-10,16.31599998,0.0859,
2019-10-11,16.52599907,1.2871,
2019-10-14,17.13066673,3.6589,
2019-10-15,17.19266701,0.3619,
2019-10-16,17.31666756,0.7212,
2019-10-17,17.46466637,0.8547,
2019-10-18,17.12999916,-1.9163,
2019-10-21,16.89999962,-1.3427,
2019-10-22,17.03866768,0.8205,
2019-10-23,16.97866631,-0.3521,
2019-10-24,19.97866631,17.6692,
2019-10-25,21.87533379,9.4935,
2019-10-28,21.84733391,-0.128,
2019-10-29,21.08133316,-3.5062,
2019-10-30,21.00066757,-0.3826,
2019-10-31,20.99466705,-0.0286,28.7016
2019-11-01,20.88733292,-0.5112,
2019-11-04,21.16466713,1.3278,
2019-11-05,21.14800072,-0.0787,
2019-11-06,21.77199936,2.9506,
2019-11-07,22.36933327,2.7436,
2019-11-08,22.47599983,0.4768,
2019-11-11,23.00600052,2.3581,
2019-11-12,23.32866669,1.4025,
2019-11-13,23.0739994,-1.0916,
2019-11-14,23.29000092,0.9361,
2019-11-15,23.47800064,0.8072,
2019-11-18,23.3326664,-0.619,
2019-11-19,23.96800041,2.7229,
2019-11-20,23.48133278,-2.0305,
2019-11-21,23.65533257,0.741,
2019-11-22,22.20266724,-6.141,
2019-11-25,22.42266655,0.9909,
2019-11-26,21.9279995,-2.2061,
2019-11-27,22.08600044,0.7205,
2019-11-29,21.99600029,-0.4075,5.3078
2019-12-02,22.32466698,1.4942,
2019-12-03,22.41333389,0.3972,
2019-12-04,22.20199966,-0.9429,
2019-12-05,22.02466774,-0.7987,
2019-12-06,22.39266777,1.6709,
2019-12-09,22.63533211,1.0837,
2019-12-10,23.25600052,2.742,
2019-12-11,23.51333237,1.1065,
2019-12-12,23.97866631,1.979,
2019-12-13,23.89266777,-0.3586,
2019-12-16,25.43333244,6.4483,
2019-12-17,25.26600075,-0.6579,
2019-12-18,26.20999908,3.7362,
2019-12-19,26.93600082,2.7699,
2019-12-20,27.03933334,0.3836,
2019-12-23,27.94799995,3.3605,
2019-12-24,28.35000038,1.4384,
2019-12-26,28.72933388,1.338,
2019-12-27,28.69199944,-0.13,
2019-12-30,27.64666748,-3.6433,
2019-12-31,27.88866615,0.8753,24.9231
2020-01-02,28.68400002,2.8518,
2020-01-03,29.5340004,2.9633,
2020-01-06,30.10266685,1.9255,
2020-01-07,31.27066612,3.8801,
2020-01-08,32.8093338,4.9205,
2020-01-09,32.08933258,-2.1945,
2020-01-10,31.87666702,-0.6627,
2020-01-13,34.99066544,9.7689,
2020-01-14,35.86133194,2.4883,
2020-01-15,34.56666565,-3.6102,
2020-01-16,34.23266602,-0.9662,
2020-01-17,34.03333282,-0.5823,
2020-01-21,36.47999954,7.189,
2020-01-22,37.97066879,4.0863,
2020-01-23,38.14666748,0.4635,
2020-01-24,37.6546669,-1.2898,
2020-01-27,37.20133209,-1.2039,
2020-01-28,37.79333115,1.5913,
2020-01-29,38.73266602,2.4855,
2020-01-30,42.72066879,10.2962,
2020-01-31,43.37133408,1.5231,51.2039
2020-02-03,52.0,19.8949,
2020-02-04,59.13733292,13.7256,
2020-02-05,48.97999954,-17.1758,
2020-02-06,49.93066788,1.9409,
2020-02-07,49.87133408,-0.1188,
2020-02-10,51.41866684,3.1026,
2020-02-11,51.62533188,0.4019,
2020-02-12,51.152668,-0.9156,
2020-02-13,53.59999847,4.7844,
2020-02-14,53.33533478,-0.4938,
2020-02-18,57.2266655,7.296,
2020-02-19,61.16133118,6.8756,
2020-02-20,59.96066666,-1.9631,
2020-02-21,60.06666565,0.1768,
2020-02-24,55.58599854,-7.4595,
2020-02-25,53.32733154,-4.0634,
2020-02-26,51.91999817,-2.639,
2020-02-27,45.26666641,-12.8146,
2020-02-28,44.53266525,-1.6215,-14.3603
2020-03-02,49.57466888,11.322,
2020-03-03,49.70066833,0.2542,
2020-03-04,49.96666718,0.5352,
2020-03-05,48.30266571,-3.3302,
2020-03-06,46.89866638,-2.9067,
2020-03-09,40.53333282,-13.5725,
2020-03-10,43.02199936,6.1398,
2020-03-11,42.2820015,-1.72,
2020-03-12,37.36999893,-11.6172,
2020-03-13,36.44133377,-2.4851,
2020-03-16,29.67133331,-18.5778,
2020-03-17,28.68000031,-3.341,
2020-03-18,24.08133316,-16.0344,
2020-03-19,28.50933266,18.3877,
2020-03-20,28.50200081,-0.0257,
2020-03-23,28.95266724,1.5812,
2020-03-24,33.66666794,16.2817,
2020-03-25,35.95000076,6.7822,
2020-03-26,35.21066666,-2.0566,
2020-03-27,34.29066849,-2.6128,
2020-03-30,33.47533417,-2.3777,
2020-03-31,34.93333435,4.3554,-29.5339
2020-04-01,32.10400009,-8.0992,
2020-04-02,30.29800034,-5.6255,
2020-04-03,32.00066757,5.6197,
2020-04-06,34.41600037,7.5478,
2020-04-07,36.36333466,5.6582,
2020-04-08,36.58933258,0.6215,
2020-04-09,38.20000076,4.402,
2020-04-13,43.39666748,13.6038,
2020-04-14,47.32600021,9.0545,
2020-04-15,48.65533447,2.8089,
2020-04-16,49.68066788,2.1073,
2020-04-17,50.25933456,1.1648,
2020-04-20,49.75733185,-0.9988,
2020-04-21,45.78133392,-7.9908,
2020-04-22,48.8073349,6.6097,
2020-04-23,47.04199982,-3.6169,
2020-04-24,48.3433342,2.7663,
2020-04-27,53.25,10.1496,
2020-04-28,51.27466583,-3.7095,
2020-04-29,53.36733246,4.0813,
2020-04-30,52.12533188,-2.3273,62.364
2020-05-01,46.75466537,-10.3034,
2020-05-04,50.74599838,8.5368,
2020-05-05,51.2140007,0.9222,
2020-05-06,52.17200089,1.8706,
2020-05-07,52.00266647,-0.3246,
2020-05-08,54.62799835,5.0485,
2020-05-11,54.08599854,-0.9922,
2020-05-12,53.96066666,-0.2317,
2020-05-13,52.73066711,-2.2794,
2020-05-14,53.55533218,1.5639,
2020-05-15,53.27799988,-0.5178,
2020-05-18,54.24200058,1.8094,
2020-05-19,53.86733246,-0.6907,
2020-05-20,54.3706665,0.9344,
2020-05-21,55.17333221,1.4763,
2020-05-22,54.45866776,-1.2953,
2020-05-26,54.59133148,0.2436,
2020-05-27,54.68199921,0.1661,
2020-05-28,53.72066879,-1.758,
2020-05-29,55.66666794,3.6224,19.0612
2020-06-01,59.87333298,7.5569,
2020-06-02,58.77066803,-1.8417,
2020-06-03,58.86399841,0.1588,
2020-06-04,57.62533188,-2.1043,
2020-06-05,59.04399872,2.4619,
2020-06-08,63.32799911,7.2556,
2020-06-09,62.71133423,-0.9738,
2020-06-10,68.33666992,8.9702,
2020-06-11,64.85600281,-5.0934,
2020-06-12,62.35200119,-3.8609,
2020-06-15,66.05999756,5.9469,
2020-06-16,65.47533417,-0.885,
2020-06-17,66.11933136,0.9836,
2020-06-18,66.93066406,1.2271,
2020-06-19,66.72666931,-0.3048,
2020-06-22,66.28800201,-0.6574,
2020-06-23,66.78533173,0.7503,
2020-06-24,64.05666351,-4.0857,
2020-06-25,65.73200226,2.6154,
2020-06-26,63.98266602,-2.6613,
2020-06-29,67.29000092,5.1691,
2020-06-30,71.98733521,6.9807,20.2327
2020-07-01,74.64199829,3.6877,
2020-07-02,80.57733154,7.9517,
2020-07-06,91.4386673,13.4794,
2020-07-07,92.65733337,1.3328,
2020-07-08,91.05867004,-1.7254,
2020-07-09,92.95200348,2.0792,
2020-07-10,102.9766693,10.7848,
2020-07-13,99.80400085,-3.081,
2020-07-14,101.1200027,1.3186,
2020-07-15,103.0673294,1.9258,
2020-07-16,100.0426636,-2.9347,
2020-07-17,100.0559998,0.0133,
2020-07-20,109.5333328,9.472,
2020-07-21,104.5573349,-4.5429,
2020-07-22,106.1553345,1.5283,
2020-07-23,100.8713303,-4.9776,
2020-07-24,94.46666718,-6.3493,
2020-07-27,102.6399994,8.6521,
2020-07-28,98.43267059,-4.0991,
2020-07-29,99.9406662,1.532,
2020-07-30,99.16600037,-0.7751,
2020-07-31,95.38400269,-3.8138,27.7887
2020-08-03,99.0,3.791,
2020-08-04,99.1333313,0.1347,
2020-08-05,99.00133514,-0.1332,
2020-08-06,99.305336,0.3071,
2020-08-07,96.84733582,-2.4752,
2020-08-10,94.57133484,-2.3501,
2020-08-11,91.62599945,-3.1144,
2020-08-12,103.6506653,13.1236,
2020-08-13,108.0666656,4.2605,
2020-08-14,110.0473328,1.8328,
2020-08-17,122.3759995,11.2031,
2020-08-18,125.8059998,2.8028,
2020-08-19,125.2353363,-0.4536,
2020-08-20,133.4553375,6.5636,
2020-08-21,136.665329,2.4053,
2020-08-24,134.2799988,-1.7454,
2020-08-25,134.889328,0.4538,
2020-08-26,143.5446625,6.4166,
2020-08-27,149.25,3.9746,
2020-08-28,147.5599976,-1.1323,
2020-08-31,166.1066742,12.5689,67.7845
2020-09-01,158.3500061,-4.6697,
2020-09-02,149.1233368,-5.8268,
2020-09-03,135.6666718,-9.0238,
2020-09-04,139.4400024,2.7813,
2020-09-08,110.0699997,-21.0628,
2020-09-09,122.0933304,10.9233,
2020-09-10,123.7799988,1.3815,
2020-09-11,124.2399979,0.3716,
2020-09-14,139.8733368,12.5832,
2020-09-15,149.9199982,7.1827,
2020-09-16,147.2533264,-1.7787,
2020-09-17,141.1433258,-4.1493,
2020-09-18,147.3833313,4.421,
2020-09-21,149.7966614,1.6375,
2020-09-22,141.4100037,-5.5987,
2020-09-23,126.7866669,-10.3411,
2020-09-24,129.2633362,1.9534,
2020-09-25,135.7799988,5.0414,
2020-09-28,140.3999939,3.4026,
2020-09-29,139.6900024,-0.5057,
2020-09-30,143.0033264,2.3719,-9.6916
2020-10-01,149.386673,4.4638,
2020-10-02,138.363327,-7.3791,
2020-10-05,141.8933258,2.5513,
2020-10-06,137.9933319,-2.7485,
2020-10-07,141.7666626,2.7344,
2020-10-08,141.9733276,0.1458,
2020-10-09,144.6666718,1.8971,
2020-10-12,147.4333344,1.9124,
2020-10-13,148.8833313,0.9835,
2020-10-14,153.7666626,3.28,
2020-10-15,149.6266632,-2.6924,
2020-10-16,146.5566711,-2.0518,
2020-10-19,143.6100006,-2.0106,
2020-10-20,140.6466675,-2.0635,
2020-10-21,140.8800049,0.1659,
2020-10-22,141.9299927,0.7453,
2020-10-23,140.2100067,-1.2119,
2020-10-26,140.093338,-0.0832,
2020-10-27,141.5599976,1.0469,
2020-10-28,135.3399963,-4.3939,
2020-10-29,136.9433289,1.1847,
2020-10-30,129.3466644,-5.5473,-13.4149
2020-11-02,133.5033264,3.2136,
2020-11-03,141.3000031,5.8401,
2020-11-04,140.3266602,-0.6888,
2020-11-05,146.0299988,4.0643,
2020-11-06,143.3166656,-1.8581,
2020-11-09,140.4199982,-2.0212,
2020-11-10,136.7866669,-2.5875,
2020-11-11,139.043335,1.6498,
2020-11-12,137.2533264,-1.2874,
2020-11-13,136.1666718,-0.7917,
2020-11-16,136.0299988,-0.1004,
2020-11-17,147.2033386,8.2139,
2020-11-18,162.2133331,10.1968,
2020-11-19,166.4233398,2.5954,
2020-11-20,163.2033386,-1.9348,
2020-11-23,173.9499969,6.5848,
2020-11-24,185.1266632,6.4252,
2020-11-25,191.3333282,3.3527,
2020-11-27,195.2533264,2.0488,
2020-11-30,189.1999969,-3.1002,41.7193
2020-12-01,194.9199982,3.0233,
2020-12-02,189.6066742,-2.7259,
2020-12-03,197.793335,4.3177,
2020-12-04,199.6799927,0.9539,
2020-12-07,213.9199982,7.1314,
2020-12-08,216.6266632,1.2653,
2020-12-09,201.4933319,-6.9859,
2020-12-10,209.0233307,3.7371,
2020-12-11,203.3300018,-2.7238,
2020-12-14,213.2766724,4.8919,
2020-12-15,211.0833282,-1.0284,
2020-12-16,207.5899963,-1.655,
2020-12-17,218.6333313,5.3198,
2020-12-18,231.6666718,5.9613,
2020-12-21,216.6199951,-6.495,
2020-12-22,213.4466705,-1.4649,
2020-12-23,215.3266602,0.8808,
2020-12-24,220.5899963,2.4443,
2020-12-28,221.2299957,0.2901,
2020-12-29,221.9966736,0.3466,
2020-12-30,231.593338,4.3229,
2020-12-31,235.2233276,1.5674,20.6769
2021-01-04,243.2566681,3.4152,
2021-01-05,245.0366669,0.7317,
2021-01-06,251.9933319,2.839,
2021-01-07,272.0133362,7.9447,
2021-01-08,293.3399963,7.8403,
2021-01-11,270.3966675,-7.8214,
2021-01-12,283.1466675,4.7153,
2021-01-13,284.8033447,0.5851,
2021-01-14,281.6666565,-1.1014,
2021-01-15,275.3866577,-2.2296,
2021-01-19,281.5166626,2.226,
2021-01-20,283.4833374,0.6986,
2021-01-21,281.6633301,-0.642,
2021-01-22,282.2133179,0.1953,
2021-01-25,293.6000061,4.0348,
2021-01-26,294.3633423,0.26,
2021-01-27,288.0533447,-2.1436,
2021-01-28,278.4766541,-3.3246,
2021-01-29,264.5100098,-5.0154,8.737
2021-02-01,279.936676,5.8322,
2021-02-02,290.9299927,3.9271,
2021-02-03,284.8966675,-2.0738,
2021-02-04,283.3299866,-0.5499,
2021-02-05,284.0766602,0.2635,
2021-02-08,287.8066711,1.313,
2021-02-09,283.1533203,-1.6168,
2021-02-10,268.2733459,-5.2551,
2021-02-11,270.5533447,0.8499,
2021-02-12,272.0400085,0.5495,
2021-02-16,265.4066772,-2.4384,
2021-02-17,266.0499878,0.2424,
2021-02-18,262.4599915,-1.3494,
2021-02-19,260.4333191,-0.7722,
2021-02-22,238.1666718,-8.5498,
2021-02-23,232.9466705,-2.1917,
2021-02-24,247.3399963,6.1788,
2021-02-25,227.406662,-8.0591,
2021-02-26,225.1666718,-0.985,-19.5651
2021-03-01,239.4766693,6.3553,
2021-03-02,228.8133392,-4.4528,
2021-03-03,217.7333374,-4.8424,
2021-03-04,207.1466675,-4.8622,
2021-03-05,199.3166656,-3.7799,
2021-03-08,187.6666718,-5.845,
2021-03-09,224.5266724,19.6412,
2021-03-10,222.6866608,-0.8195,
2021-03-11,233.1999969,4.7211,
2021-03-12,231.2433319,-0.8391,
2021-03-15,235.9799957,2.0483,
2021-03-16,225.6266632,-4.3874,
2021-03-17,233.9366608,3.6831,
2021-03-18,217.7200012,-6.9321,
2021-03-19,218.2899933,0.2618,
2021-03-22,223.3333282,2.3104,
2021-03-23,220.7200012,-1.1701,
2021-03-24,210.0899963,-4.8161,
2021-03-25,213.4633331,1.6057,
2021-03-26,206.2366638,-3.3854,
2021-03-29,203.7633362,-1.1993,
2021-03-30,211.8733368,3.9801,
2021-03-31,222.6433258,5.0832,-7.0292
2021-04-01,220.5833282,-0.9252,
2021-04-05,230.3500061,4.4277,
2021-04-06,230.5399933,0.0825,
2021-04-07,223.656662,-2.9857,
2021-04-08,227.9333344,1.9122,
2021-04-09,225.6733398,-0.9915,
2021-04-12,233.9933319,3.6867,
2021-04-13,254.1066742,8.5957,
2021-04-14,244.0766602,-3.9472,
2021-04-15,246.2833405,0.9041,
2021-04-16,246.593338,0.1259,
2021-04-19,238.2100067,-3.3997,
2021-04-20,239.6633301,0.6101,
2021-04-21,248.0399933,3.4952,
2021-04-22,239.8966675,-3.2831,
2021-04-23,243.1333313,1.3492,
2021-04-26,246.0666656,1.2065,
2021-04-27,234.9133301,-4.5326,
2021-04-28,231.4666595,-1.4672,
2021-04-29,225.6666718,-2.5058,
2021-04-30,236.4799957,4.7917,7.2066
2021-05-03,228.3000031,-3.4591,
2021-05-04,224.5333405,-1.6499,
2021-05-05,223.6466675,-0.3949,
2021-05-06,221.1799927,-1.1029,
2021-05-07,224.1233368,1.3307,
2021-05-10,209.6799927,-6.4444,
2021-05-11,205.7333374,-1.8822,
2021-05-12,196.6300049,-4.4248,
2021-05-13,190.5633392,-3.0853,
2021-05-14,196.5800018,3.1573,
2021-05-17,192.2766724,-2.1891,
2021-05-18,192.6233368,0.1803,
2021-05-19,187.8200073,-2.4936,
2021-05-20,195.593338,4.1387,
2021-05-21,193.6266632,-1.0055,
2021-05-24,202.1466675,4.4002,
2021-05-25,201.5633392,-0.2886,
2021-05-26,206.3766632,2.388,
2021-05-27,210.2833405,1.893,
2021-05-28,208.406662,-0.8925,-8.7137
2021-06-01,207.9666595,-0.2111,
2021-06-02,201.706665,-3.0101,
2021-06-03,190.9466705,-5.3345,
2021-06-04,199.6833344,4.5754,
2021-06-07,201.7100067,1.0149,
2021-06-08,201.1966705,-0.2545,
2021-06-09,199.593338,-0.7969,
2021-06-10,203.3733368,1.8939,
2021-06-11,203.2966614,-0.0377,
2021-06-14,205.8966675,1.2789,
2021-06-15,199.7866669,-2.9675,
2021-06-16,201.6233368,0.9193,
2021-06-17,205.5333405,1.9393,
2021-06-18,207.7700043,1.0882,
2021-06-21,206.9433289,-0.3979,
2021-06-22,207.9033356,0.4639,
2021-06-23,218.8566742,5.2685,
2021-06-24,226.6066742,3.5411,
2021-06-25,223.956665,-1.1694,
2021-06-28,229.5733337,2.5079,
2021-06-29,226.9199982,-1.1558,
2021-06-30,226.5666656,-0.1557,8.9437
2021-07-01,225.9733276,-0.2619,
2021-07-02,226.3000031,0.1446,
2021-07-06,219.8600006,-2.8458,
2021-07-07,214.8833313,-2.2636,
2021-07-08,217.6033325,1.2658,
2021-07-09,218.9833374,0.6342,
2021-07-12,228.5666656,4.3763,
2021-07-13,222.8466644,-2.5026,
2021-07-14,217.793335,-2.2676,
2021-07-15,216.8666687,-0.4255,
2021-07-16,214.7400055,-0.9806,
2021-07-19,215.406662,0.3104,
2021-07-20,220.1666718,2.2098,
2021-07-21,218.4299927,-0.7888,
2021-07-22,216.4199982,-0.9202,
2021-07-23,214.4600067,-0.9056,
2021-07-26,219.206665,2.2133,
2021-07-27,214.9266663,-1.9525,
2021-07-28,215.6600037,0.3412,
2021-07-29,225.7833405,4.6941,
2021-07-30,229.0666656,1.4542,1.3689
2021-08-02,236.5566711,3.2698,
2021-08-03,236.5800018,0.0099,
2021-08-04,236.9733276,0.1663,
2021-08-05,238.2100067,0.5219,
2021-08-06,233.0333405,-2.1732,
2021-08-09,237.9199982,2.097,
2021-08-10,236.6633301,-0.5282,
2021-08-11,235.9400024,-0.3056,
2021-08-12,240.75,2.0387,
2021-08-13,239.0566711,-0.7034,
2021-08-16,228.7233276,-4.3225,
2021-08-17,221.9033356,-2.9818,
2021-08-18,229.6633301,3.497,
2021-08-19,224.4900055,-2.2526,
2021-08-20,226.7533264,1.0082,
2021-08-23,235.4333344,3.828,
2021-08-24,236.1633301,0.3101,
2021-08-25,237.0666656,0.3825,
2021-08-26,233.7200012,-1.4117,
2021-08-27,237.3066711,1.5346,
2021-08-30,243.636673,2.6674,
2021-08-31,245.2400055,0.6581,3.6707
2021-09-01,244.6966705,-0.2216,
2021-09-02,244.1300049,-0.2316,
2021-09-03,244.5233307,0.1611,
2021-09-07,250.9733276,2.6378,
2021-09-08,251.2899933,0.1262,
2021-09-09,251.6199951,0.1313,
2021-09-10,245.4233398,-2.4627,
2021-09-13,247.6666718,0.9141,
2021-09-14,248.1633301,0.2005,
2021-09-15,251.9433289,1.5232,
2021-09-16,252.3300018,0.1535,
2021-09-17,253.1633301,0.3303,
2021-09-20,243.3899994,-3.8605,
2021-09-21,246.4600067,1.2614,
2021-09-22,250.6466675,1.6987,
2021-09-23,251.2133331,0.2261,
2021-09-24,258.1300049,2.7533,
2021-09-27,263.7866821,2.1914,
2021-09-28,259.186676,-1.7438,
2021-09-29,260.436676,0.4823,
2021-09-30,258.4933472,-0.7462,5.6383
2021-10-01,258.4066772,-0.0335,
2021-10-04,260.5100098,0.814,
2021-10-05,260.1966553,-0.1203,
2021-10-06,260.9166565,0.2767,
2021-10-07,264.5366821,1.3874,
2021-10-08,261.8299866,-1.0232,
2021-10-11,263.980011,0.8212,
2021-10-12,268.5733337,1.74,
2021-10-13,270.3599854,0.6652,
2021-10-14,272.7733459,0.8926,
2021-10-15,281.0100098,3.0196,
2021-10-18,290.0366821,3.2122,
2021-10-19,288.0899963,-0.6712,
2021-10-20,288.6000061,0.177,
2021-10-21,298.0,3.2571,
2021-10-22,303.2266541,1.7539,
2021-10-25,341.6199951,12.6616,
2021-10-26,339.4766541,-0.6274,
2021-10-27,345.9533386,1.9078,
2021-10-28,359.0133362,3.7751,
2021-10-29,371.3333435,3.4316,43.7011
2021-11-01,402.8633423,8.491,
2021-11-02,390.6666565,-3.0275,
2021-11-03,404.6199951,3.5717,
2021-11-04,409.9700012,1.3222,
2021-11-05,407.3633423,-0.6358,
2021-11-08,387.6466675,-4.8401,
2021-11-09,341.1666565,-11.9903,
2021-11-10,355.9833374,4.3429,
2021-11-11,354.5033264,-0.4158,
2021-11-12,344.4733276,-2.8293,
2021-11-15,337.7966614,-1.9382,
2021-11-16,351.5766602,4.0794,
2021-11-17,363.0033264,3.2501,
2021-11-18,365.4599915,0.6768,
2021-11-19,379.019989,3.7104,
2021-11-22,385.6233215,1.7422,
2021-11-23,369.6766663,-4.1353,
2021-11-24,372.0,0.6285,
2021-11-26,360.6400146,-3.0538,
2021-11-29,378.9966736,5.09,
2021-11-30,381.5866699,0.6834,-5.2814
2021-12-01,365.0,-4.3468,
2021-12-02,361.5333252,-0.9498,
2021-12-03,338.3233337,-6.4199,
2021-12-06,336.3366699,-0.5872,
2021-12-07,350.5833435,4.2358,
2021-12-08,356.3200073,1.6363,
2021-12-09,334.6000061,-6.0956,
2021-12-10,339.0100098,1.318,
2021-12-13,322.1366577,-4.9772,
2021-12-14,319.5033264,-0.8175,
2021-12-15,325.3299866,1.8237,
2021-12-16,308.9733276,-5.0277,
2021-12-17,310.8566589,0.6095,
2021-12-20,299.980011,-3.4989,
2021-12-21,312.8433228,4.2881,
2021-12-22,336.2900085,7.4947,
2021-12-23,355.6666565,5.7619,
2021-12-27,364.6466675,2.5248,
2021-12-28,362.8233337,-0.5,
2021-12-29,362.063324,-0.2095,
2021-12-30,356.7799988,-1.4592,
2021-12-31,352.2600098,-1.2669,-3.4904
2022-01-03,399.9266663,13.5317,
2022-01-04,383.1966553,-4.1833,
2022-01-05,362.706665,-5.3471,
2022-01-06,354.8999939,-2.1523,
2022-01-07,342.3200073,-3.5447,
2022-01-10,352.706665,3.0342,
2022-01-11,354.7999878,0.5935,
2022-01-12,368.7399902,3.929,
2022-01-13,343.8533325,-6.7491,
2022-01-14,349.8699951,1.7498,
2022-01-18,343.5033264,-1.8197,
2022-01-19,331.8833313,-3.3828,
2022-01-20,332.0899963,0.0623,
2022-01-21,314.6333313,-5.2566,
2022-01-24,310.0,-1.4726,
2022-01-25,306.1333313,-1.2473,
2022-01-26,312.4700012,2.0699,
2022-01-27,276.3666687,-11.5542,
2022-01-28,282.1166687,2.0806,
2022-01-31,312.2399902,10.6776,-21.9257
2022-02-01,310.4166565,-0.584,
2022-02-02,301.8866577,-2.7479,
2022-02-03,297.0466614,-1.6032,
2022-02-04,307.7733459,3.6111,
2022-02-07,302.4466553,-1.7307,
2022-02-08,307.3333435,1.6157,
2022-02-09,310.6666565,1.0846,
2022-02-10,301.5166626,-2.9453,
2022-02-11,286.6666565,-4.9251,
2022-02-14,291.9200134,1.8326,
2022-02-15,307.4766541,5.3291,
2022-02-16,307.7966614,0.1041,
2022-02-17,292.1166687,-5.0943,
2022-02-18,285.6600037,-2.2103,
2022-02-22,273.8433228,-4.1366,
2022-02-23,254.6799927,-6.9979,
2022-02-24,266.9233398,4.8073,
2022-02-25,269.956665,1.1364,
2022-02-28,290.1433411,7.4777,-6.531
2022-03-01,288.1233215,-0.6962,
2022-03-02,293.2966614,1.7955,
2022-03-03,279.7633362,-4.6142,
2022-03-04,279.4299927,-0.1192,
2022-03-07,268.1933289,-4.0213,
2022-03-08,274.7999878,2.4634,
2022-03-09,286.3233337,4.1934,
2022-03-10,279.4333191,-2.4064,
2022-03-11,265.1166687,-5.1235,
2022-03-14,255.456665,-3.6437,
2022-03-15,267.2966614,4.6348,
2022-03-16,280.0766602,4.7812,
2022-03-17,290.5333252,3.7335,
2022-03-18,301.7966614,3.8768,
2022-03-21,307.0533447,1.7418,
2022-03-22,331.3266602,7.9052,
2022-03-23,333.0366821,0.5161,
2022-03-24,337.9733276,1.4823,
2022-03-25,336.8800049,-0.3235,
2022-03-28,363.9466553,8.0345,
2022-03-29,366.5233459,0.708,
2022-03-30,364.6633301,-0.5075,
2022-03-31,359.2000122,-1.4982,24.6688
2022-04-01,361.5299988,0.6487,
2022-04-04,381.8166809,5.6113,
2022-04-05,363.7533264,-4.7309,
2022-04-06,348.5866699,-4.1695,
2022-04-07,352.4200134,1.0997,
2022-04-08,341.8299866,-3.0049,
2022-04-11,325.3099976,-4.8328,
2022-04-12,328.9833374,1.1292,
2022-04-13,340.7900085,3.5888,
2022-04-14,328.3333435,-3.6552,
2022-04-18,334.7633362,1.9584,
2022-04-19,342.7166748,2.3758,
2022-04-20,325.7333374,-4.9555,
2022-04-21,336.2600098,3.2317,
2022-04-22,335.0166626,-0.3698,
2022-04-25,332.6733398,-0.6995,
2022-04-26,292.1400146,-12.1841,
2022-04-27,293.8366699,0.5808,
2022-04-28,292.5033264,-0.4538,
2022-04-29,290.2533264,-0.7692,-19.7153
2022-05-02,300.980011,3.6956,
2022-05-03,303.0833435,0.6988,
2022-05-04,317.5400085,4.7699,
2022-05-05,291.0933228,-8.3286,
2022-05-06,288.5499878,-0.8737,
2022-05-09,262.3699951,-9.0729,
2022-05-10,266.6799927,1.6427,
2022-05-11,244.6666718,-8.2546,
2022-05-12,242.6666718,-0.8174,
2022-05-13,256.5299988,5.7129,
2022-05-16,241.456665,-5.8759,
2022-05-17,253.8699951,5.141,
2022-05-18,236.6033325,-6.8014,
2022-05-19,236.4733276,-0.0549,
2022-05-20,221.3000031,-6.4165,
2022-05-23,224.9666595,1.6569,
2022-05-24,209.386673,-6.9255,
2022-05-25,219.6000061,4.8777,
2022-05-26,235.9100037,7.4271,
2022-05-27,253.2100067,7.3333,
2022-05-31,252.7533264,-0.1804,-16.0232
2022-06-01,246.7899933,-2.3593,
2022-06-02,258.3333435,4.6774,
2022-06-03,234.5166626,-9.2194,
2022-06-06,238.2799988,1.6047,
2022-06-07,238.886673,0.2546,
2022-06-08,241.8666687,1.2475,
2022-06-09,239.706665,-0.8931,
2022-06-10,232.2299957,-3.1191,
2022-06-13,215.7366638,-7.1022,
2022-06-14,220.8899994,2.3887,
2022-06-15,233.0,5.4824,
2022-06-16,213.1000061,-8.5408,
2022-06-17,216.7599945,1.7175,
2022-06-21,237.0366669,9.3544,
2022-06-22,236.0866699,-0.4008,
2022-06-23,235.0700073,-0.4306,
2022-06-24,245.706665,4.5249,
2022-06-27,244.9199982,-0.3202,
2022-06-28,232.6633301,-5.0044,
2022-06-29,228.4900055,-1.7937,
2022-06-30,224.4733276,-1.7579,-9.0428
2022-07-01,227.2633362,1.2429,
2022-07-05,233.0666656,2.5536,
2022-07-06,231.7333374,-0.5721,
2022-07-07,244.543335,5.5279,
2022-07-08,250.7633362,2.5435,
2022-07-11,234.343338,-6.548,
2022-07-12,233.0700073,-0.5434,
2022-07-13,237.0399933,1.7033,
2022-07-14,238.3133392,0.5372,
2022-07-15,240.0666656,0.7357,
2022-07-18,240.5466614,0.1999,
2022-07-19,245.5299988,2.0717,
2022-07-20,247.5,0.8023,
2022-07-21,271.706665,9.7805,
2022-07-22,272.2433472,0.1975,
2022-07-25,268.4333191,-1.3995,
2022-07-26,258.8599854,-3.5664,
2022-07-27,274.8200073,6.1655,
2022-07-28,280.8999939,2.2124,
2022-07-29,297.1499939,5.785,30.7514
2022-08-01,297.2766724,0.0426,
2022-08-02,300.5866699,1.1134,
2022-08-03,307.3966675,2.2656,
2022-08-04,308.6333313,0.4023,
2022-08-05,288.1700134,-6.6303,
2022-08-08,290.4233398,0.7819,
2022-08-09,283.3333435,-2.4413,
2022-08-10,294.3566589,3.8906,
2022-08-11,286.6300049,-2.6249,
2022-08-12,300.0299988,4.675,
2022-08-15,309.3200073,3.0964,
2022-08-16,306.563324,-0.8912,
2022-08-17,303.9966736,-0.8372,
2022-08-18,302.8699951,-0.3706,
2022-08-19,296.6666565,-2.0482,
2022-08-22,289.9133301,-2.2764,
2022-08-23,296.4533386,2.2558,
2022-08-24,297.0966797,0.217,
2022-08-25,296.0700073,-0.3456,
2022-08-26,288.0899963,-2.6953,
2022-08-29,284.8200073,-1.1351,
2022-08-30,277.7000122,-2.4998,
2022-08-31,275.6099854,-0.7526,-7.2884
2022-09-01,277.1600037,0.5624,
2022-09-02,270.2099915,-2.5076,
2022-09-06,274.4200134,1.5581,
2022-09-07,283.7000122,3.3817,
2022-09-08,289.2600098,1.9598,
2022-09-09,299.6799927,3.6023,
2022-09-12,304.4200134,1.5817,
2022-09-13,292.1300049,-4.0372,
2022-09-14,302.6099854,3.5874,
2022-09-15,303.75,0.3767,
2022-09-16,303.3500061,-0.1317,
2022-09-19,309.0700073,1.8856,
2022-09-20,308.730011,-0.11,
2022-09-21,300.7999878,-2.5686,
2022-09-22,288.5899963,-4.0592,
2022-09-23,275.3299866,-4.5948,
2022-09-26,276.0100098,0.247,
2022-09-27,282.9400024,2.5108,
2022-09-28,287.8099976,1.7212,
2022-09-29,268.2099915,-6.8101,
2022-09-30,265.25,-1.1036,-4.2972
2022-10-03,242.3999939,-8.6145,
2022-10-04,249.4400024,2.9043,
2022-10-05,240.8099976,-3.4598,
2022-10-06,238.1300049,-1.1129,
2022-10-07,223.0700073,-6.3243,
2022-10-10,222.9600067,-0.0493,
2022-10-11,216.5,-2.8974,
2022-10-12,217.2400055,0.3418,
2022-10-13,221.7200012,2.0622,
2022-10-14,204.9900055,-7.5456,
2022-10-17,219.3500061,7.0052,
2022-10-18,220.1900024,0.3829,
2022-10-19,222.0399933,0.8402,
2022-10-20,207.2799988,-6.6474,
2022-10-21,214.4400024,3.4543,
2022-10-24,211.25,-1.4876,
2022-10-25,222.4199982,5.2876,
2022-10-26,224.6399994,0.9981,
2022-10-27,225.0899963,0.2003,
2022-10-28,228.5200043,1.5238,
2022-10-31,227.5399933,-0.4289,-6.1304
2022-11-01,227.8200073,0.1231,
2022-11-02,214.9799957,-5.636,
2022-11-03,215.3099976,0.1535,
2022-11-04,207.4700012,-3.6413,
2022-11-07,197.0800018,-5.008,
2022-11-08,191.3000031,-2.9328,
2022-11-09,177.5899963,-7.1668,
2022-11-10,190.7200012,7.3934,
2022-11-11,195.9700012,2.7527,
2022-11-14,190.9499969,-2.5616,
2022-11-15,194.4199982,1.8172,
2022-11-16,186.9199982,-3.8576,
2022-11-17,183.1699982,-2.0062,
2022-11-18,180.1900024,-1.6269,
2022-11-21,167.8699951,-6.8372,
2022-11-22,169.9100037,1.2152,
2022-11-23,183.1999969,7.8218,
2022-11-25,182.8600006,-0.1856,
2022-11-28,182.9199982,0.0328,
2022-11-29,180.8300018,-1.1426,
2022-11-30,194.6999969,7.6702,-14.5378
2022-12-01,194.6999969,0.0,
2022-12-02,194.8600006,0.0822,
2022-12-05,182.4499969,-6.3687,
2022-12-06,179.8200073,-1.4415,
2022-12-07,174.0399933,-3.2143,
2022-12-08,173.4400024,-0.3447,
2022-12-09,179.0500031,3.2345,
2022-12-12,167.8200073,-6.272,
2022-12-13,160.9499969,-4.0937,
2022-12-14,156.8000031,-2.5784,
2022-12-15,157.6699982,0.5548,
2022-12-16,150.2299957,-4.7187,
2022-12-19,149.8699951,-0.2396,
2022-12-20,137.8000031,-8.0536,
2022-12-21,137.5700073,-0.1669,
2022-12-22,125.3499985,-8.8828,
2022-12-23,123.1500015,-1.7551,
2022-12-27,109.0999985,-11.4089,
2022-12-28,112.7099991,3.3089,
2022-12-29,121.8199997,8.0827,
2022-12-30,123.1800003,1.1164,-36.7334
2023-01-03,108.0999985,-12.2422,
2023-01-04,113.6399994,5.1249,
2023-01-05,110.3399963,-2.9039,
2023-01-06,113.0599976,2.4651,
2023-01-09,119.7699966,5.9349,
2023-01-10,118.8499985,-0.7681,
2023-01-11,123.2200012,3.6769,
2023-01-12,123.5599976,0.2759,
2023-01-13,122.4000015,-0.9388,
2023-01-17,131.4900055,7.4265,
2023-01-18,128.7799988,-2.061,
2023-01-19,127.1699982,-1.2502,
2023-01-20,133.4199982,4.9147,
2023-01-23,143.75,7.7425,
2023-01-24,143.8899994,0.0974,
2023-01-25,144.4299927,0.3753,
2023-01-26,160.2700043,10.9673,
2023-01-27,177.8999939,11.0002,
2023-01-30,166.6600037,-6.3182,
2023-01-31,173.2200012,3.9362,60.2405
2023-02-01,181.4100037,4.7281,
2023-02-02,188.2700043,3.7815,
2023-02-03,189.9799957,0.9083,
2023-02-06,194.7599945,2.5161,
2023-02-07,196.8099976,1.0526,
2023-02-08,201.2899933,2.2763,
2023-02-09,207.3200073,2.9957,
2023-02-10,196.8899994,-5.0309,
2023-02-13,194.6399994,-1.1428,
2023-02-14,209.25,7.5062,
2023-02-15,214.2400055,2.3847,
2023-02-16,202.0399933,-5.6946,
2023-02-17,208.3099976,3.1033,
2023-02-21,197.3699951,-5.2518,
2023-02-22,200.8600006,1.7683,
2023-02-23,202.0700073,0.6024,
2023-02-24,196.8800049,-2.5684,
2023-02-27,207.6300049,5.4602,
2023-02-28,205.7100067,-0.9247,13.3951
2023-03-01,202.7700043,-1.4292,
2023-03-02,190.8999939,-5.8539,
2023-03-03,197.7899933,3.6092,
2023-03-06,193.8099976,-2.0122,
2023-03-07,187.7100067,-3.1474,
2023-03-08,182.0,-3.0419,
2023-03-09,172.9199982,-4.989,
2023-03-10,173.4400024,0.3007,
2023-03-13,174.4799957,0.5996,
2023-03-14,183.2599945,5.0321,
2023-03-15,180.4499969,-1.5333,
2023-03-16,184.1300049,2.0394,
2023-03-17,180.1300049,-2.1724,
2023-03-20,183.25,1.7321,
2023-03-21,197.5800018,7.8199,
2023-03-22,191.1499939,-3.2544,
2023-03-23,192.2200012,0.5598,
2023-03-24,190.4100037,-0.9416,
2023-03-27,191.8099976,0.7353,
2023-03-28,189.1900024,-1.3659,
2023-03-29,193.8800049,2.479,
2023-03-30,195.2799988,0.7221,
2023-03-31,207.4600067,6.2372,2.313
2023-04-03,194.7700043,-6.1168,
2023-04-04,192.5800018,-1.1244,
2023-04-05,185.5200043,-3.666,
2023-04-06,185.0599976,-0.248,
2023-04-10,184.5099945,-0.2972,
2023-04-11,186.7899933,1.2357,
2023-04-12,180.5399933,-3.346,
2023-04-13,185.8999939,2.9689,
2023-04-14,185.0,-0.4841,
2023-04-17,187.0399933,1.1027,
2023-04-18,184.3099976,-1.4596,
2023-04-19,180.5899963,-2.0183,
2023-04-20,162.9900055,-9.7458,
2023-04-21,165.0800018,1.2823,
2023-04-24,162.5500031,-1.5326,
2023-04-25,160.6699982,-1.1566,
2023-04-26,153.75,-4.307,
2023-04-27,160.1900024,4.1886,
2023-04-28,164.3099976,2.5719,-15.639
2023-05-01,161.8300018,-1.5093,
2023-05-02,160.3099976,-0.9393,
2023-05-03,160.6100006,0.1871,
2023-05-04,161.1999969,0.3673,
2023-05-05,170.0599976,5.4963,
2023-05-08,171.7899933,1.0173,
2023-05-09,169.1499939,-1.5368,
2023-05-10,168.5399933,-0.3606,
2023-05-11,172.0800018,2.1004,
2023-05-12,167.9799957,-2.3826,
2023-05-15,166.3500061,-0.9703,
2023-05-16,166.5200043,0.1022,
2023-05-17,173.8600006,4.4079,
2023-05-18,176.8899994,1.7428,
2023-05-19,180.1399994,1.8373,
2023-05-22,188.8699951,4.8462,
2023-05-23,188.6950073,-0.0926,16.6008
